AT1G15950,10.43178706,10.44885705,10.19593548,10.23356717,10.4059151,10.27513964,10.40886595,10.41028069,10.07706681,9.900685717,10.08385477,10.013152,9.237482983,9.279269298,10.13804822,10.40599044,9.253611595,9.29027012,10.29418066,10.34909379,10.4025878,10.36448158,10.37212983,10.20197293,10.383283,10.35984275,10.18350674,10.27475443,9.253611595,9.29027012,10.383283,10.35984275,10.4059151,10.27513964,10.4025878,10.36448158,10.43178706,10.44885705,10.07706681,9.900685717,9.237482983,9.279269298,10.42979425,10.47266998,9.015521748,8.976315502,10.03311829,10.07003974,10.37391414,10.23035521,10.44120842,10.50610379,10.1891367,10.03664514,9.861592424,9.916449272,9.236599453,9.48748058,9.879628263,9.947941258,9.730961438,9.960160657,9.829716915,10.18298714,9.679445871,9.982283392,9.984648529,9.825287549,9.172395637,9.418025093,9.840826242,9.555512022,9.550764575,8.977344703,9.093524489,8.674313612,9.725123987,10.56940834,10.52047619,10.64389622,10.46525461,10.39604483,9.372191608,9.902666384,10.63838983,10.33624205,8.155835886,8.109638451,8.367359269,8.813665676,9.931430243,10.17332995,11.23128758,10.92549509,7.951886478,7.955160224,8.851819808,8.808207965,10.62782807,10.56882188,10.74530149,10.89484363,6.572258929,6.665927137,6.409038681,9.460808003,9.110221797,9.850306941,8.845512504,9.138420185,9.168589266,10.46145773,10.60327008,11.28605078,10.34668668,10.14874041,10.78471435,11.04292984,10.5175501,10.5792151,6.605625671,6.800071602,6.508910572,9.56357141,9.42756652,9.580141729,9.512703867,9.194001335,10.26606968,9.927225133,10.65831315,10.59179803,10.2598416,10.7066607,10.94703474,10.65649268,10.4312581,11.04129555,11.11713997,10.86559912,11.03391151,11.09311019,11.06957912,10.98982778,11.10399153,11.05786609,11.24231207,11.56570137,11.22487644,11.40648679,9.828761768,9.811131033,9.825725707,9.198364649,9.797521892,9.629439733,9.211635946,9.294763588,9.931733112,9.747163987,9.662504376,9.218174474,9.751560639,9.559275688,9.852094796,9.640810384,6.431207296,6.387769711,6.616791066,5.961775212,6.250436699,6.189757019,5.515411826,6.019176412,5.966020196,6.073616352,5.672548087,5.653342908,6.557909917,6.198976729,5.544311929,6.048677645,5.678282263,6.017348973,5.861510312,5.810900236,6.130668371,5.962007269,5.955767415,6.09601421,5.794447268,7.774890739,7.412106547,7.52696935,7.359391998,7.549647158,7.535975728,7.510865243,7.419459715,7.221676955,7.017109369,7.125238781,7.094100548,6.514985059,6.698523966,7.491942436,7.341481086,7.976572115,7.858118842,6.297725795,6.429452081,6.333104679,7.207199199,7.559627049,7.089231674,8.462334836,8.479851392,8.212012253,5.625970913,5.37069045,7.031108872,7.776021766,5.102535959,5.338136982,4.836826219,5.385407843,5.350862141,5.20275041,5.248285778,5.06134539,5.014997064,5.025810001,5.316516099,5.279598012,5.279280772,5.033379927,5.064962359,4.837949126,5.27012813,5.378140031,5.484124411,5.037151903,4.858332218,6.199351326,6.197342577,5.891172503,5.833457725,5.843277488,5.446830051,6.635073734,7.441054,7.260710458,6.951748154,7.403068033,7.297912647,6.167317164,5.922479589,5.702035591,5.323971243,5.658855207,5.135078411,5.014385922,4.647094067,4.920863687,4.9337774,4.688616544,5.115423047,7.892552069,8.510977129,7.495120324,7.720895691,5.515411826,5.625546042,6.048677645,6.130668371,6.09601421,5.653342908,6.198976729,5.544311929,6.589412924,6.656998762,5.678282263,5.861510312,5.962007269,5.955767415,5.794447268,6.003416979,6.431207296,6.387769711,5.961775212,6.250436699,6.189757019,6.019176412,6.073616352,9.237482983,8.808207965,6.616791066,5.385407843,10.64389622,8.479851392
AT1G19300,6.936412923,8.096758251,6.50601598,6.436269579,7.972767553,6.781924178,5.898103183,5.930328897,6.565585384,6.656933871,5.588827852,5.715965016,6.773193885,6.651987884,5.400600331,5.516874748,7.406741524,7.374057079,5.527804632,5.95644546,6.517677304,6.65848015,5.787298837,5.620490179,5.936384432,6.418528804,6.124216715,6.407680696,7.406741524,7.374057079,5.936384432,6.418528804,7.972767553,6.781924178,6.517677304,6.65848015,6.936412923,8.096758251,6.565585384,6.656933871,6.773193885,6.651987884,6.080812957,5.657478375,7.066140998,6.864369586,6.191472141,6.492004304,6.673273196,6.2468406,6.037654842,6.148833182,6.188227232,6.003572834,6.095867628,6.034642445,6.479705315,6.576390876,5.601276185,5.736312872,5.681302373,5.675234974,5.869412846,6.385063765,6.170371871,6.507256583,6.274511294,5.957447282,6.069029739,5.65499613,7.187442547,6.699505349,5.567355186,5.574545328,7.306180097,7.643288327,5.750855814,5.621346277,6.66728854,6.726351948,5.722187587,5.495822708,6.744459915,6.424119176,8.807767711,8.055298689,5.830257729,5.842093044,6.055155602,6.124282468,7.471709148,7.592981599,7.846987916,7.990012617,5.783748208,5.805535081,7.18049482,6.983367745,8.339967388,8.303784147,8.375810158,8.565935693,5.859793683,5.639924542,6.189800232,9.269688149,9.145915609,9.224450933,6.320693534,6.958013352,7.497923712,6.078071401,5.640520223,5.525735093,7.120195455,6.605466427,7.604427285,6.593097847,7.030100968,6.851773663,7.388802108,6.994501284,7.948047914,11.01985516,10.39773799,9.311650172,6.554942946,6.434844529,8.344339677,4.45660516,4.920385028,6.66707593,9.111699895,9.403897491,8.778646187,7.352713348,8.132538571,8.068179968,6.696846111,6.415163992,7.366057673,7.506233005,7.629861573,7.707522641,7.148547503,7.316336161,7.53534746,7.218762452,6.982813243,6.908008505,6.263359119,6.008474017,6.134777806,6.728721135,6.000351494,5.757698867,7.019839514,6.838622306,6.981844894,6.572209844,7.825890703,7.459540181,6.587440214,6.323106421,7.41415501,7.076246114,7.721721081,7.684165418,7.87880911,7.165888891,7.050488008,7.390099214,6.027215214,8.862385594,8.932084132,8.948894562,6.490279955,8.095974522,6.229747253,6.971691539,6.258528875,10.36360208,9.706174726,10.42256187,6.553910251,6.439008344,5.900438635,6.675388554,6.495048546,6.622343432,6.598212472,6.05443217,5.89889337,6.276526137,6.694101717,6.518017948,6.279585463,6.768898375,6.57382005,6.384349714,6.002761952,6.695558195,6.495009998,6.729469449,6.85877902,7.365153532,7.059500947,6.226872884,6.328868837,7.734054363,7.682181494,7.787634331,11.49321524,11.60413767,11.50187147,10.26750906,10.3059811,10.34280515,8.718713922,8.591214594,10.52902977,10.40494423,7.301888784,6.968919467,7.8774419,7.114453264,7.895700229,7.501199371,7.304827645,7.528093338,7.256774877,7.740996203,7.290261146,7.816171305,7.471000328,7.240889741,7.320203822,7.217377058,7.66974076,7.358650765,7.853775498,7.461932294,6.964403108,10.37808586,10.373063,10.55403429,10.50296621,10.72810051,10.63310153,10.6849135,10.73655129,10.93107521,10.83570474,10.83057383,10.91490976,9.596066048,9.954951052,9.902464653,9.829799615,9.45835776,9.637099965,10.05130415,9.286416488,9.606543678,9.749088044,9.462179057,9.428475614,9.849939954,10.11157185,10.53166894,10.88325287,6.027215214,6.515748209,10.36360208,5.900438635,6.622343432,8.095974522,6.971691539,6.258528875,6.342922007,6.476513676,9.706174726,6.553910251,6.675388554,6.495048546,6.598212472,6.409678519,7.721721081,7.684165418,7.165888891,7.050488008,7.390099214,8.862385594,8.948894562,6.773193885,6.983367745,7.87880911,7.114453264,6.726351948,10.3059811
AT1G27440,6.789864154,6.866793316,7.008711587,7.085636406,7.147840454,6.726728269,7.086598111,6.731232885,6.976210779,7.051057535,7.01748711,6.965749514,6.968402818,7.007852583,6.727665901,6.880081726,7.118604033,7.046620412,6.790272509,6.993259081,7.326785217,7.335049287,6.993094476,7.23046348,7.0531862,7.019951153,6.702133915,6.9950234,7.118604033,7.046620412,7.0531862,7.019951153,7.147840454,6.726728269,7.326785217,7.335049287,6.789864154,6.866793316,6.976210779,7.051057535,6.968402818,7.007852583,6.772129608,6.895925892,7.091793944,7.094711262,6.768066731,6.781006977,7.073978494,7.051743954,7.064828776,7.093616208,6.898666425,6.872081579,6.919482901,7.019179254,6.869703815,6.963990309,6.286648513,6.488035025,6.316034704,6.334623071,6.782693799,6.660914227,6.603998288,6.236834472,6.451823181,6.729316421,6.448309312,6.212706112,6.391811842,6.345748772,6.595186876,6.51237484,6.564328936,6.318181927,6.762432055,6.322262779,7.059040822,6.884024751,6.302268232,6.458158194,5.986696033,6.261660293,8.503745155,7.595107238,6.38855179,6.400119185,6.123186891,6.273869233,6.816219827,6.833781947,7.342827472,8.054947377,6.178778597,5.846832972,5.827387662,6.03936501,7.197761324,7.367145635,7.986990789,7.606990224,6.561641595,6.706990769,6.445487296,9.633000034,8.969765729,9.517183531,6.127555082,6.420543954,6.063277239,6.125939072,6.137394477,6.779777247,7.651219128,7.194902227,7.490440433,6.491846717,6.329417545,5.832900842,7.133525214,6.79491231,6.66890537,10.86798987,10.24817289,9.104384187,6.433537721,7.105198667,7.499214024,5.659069227,5.473722899,6.922924921,8.91840092,9.256577205,8.940421599,6.106530274,6.596025516,6.840841815,6.82899947,6.962019853,6.600896575,6.796052713,6.550491082,6.656543224,6.721605266,6.780488752,6.665515953,6.689916813,6.52268797,6.507142449,7.077122557,6.781164079,7.266579347,6.960440954,7.192857086,7.255279553,6.662707368,6.808497636,6.9958099,7.077370945,8.075325207,6.939277156,7.032722087,6.777161307,6.949869356,6.881497113,8.028896389,8.197571727,8.318510806,7.564368918,7.686823574,7.872259943,7.654188124,8.884419753,9.034682958,9.155955781,7.966428111,8.737144997,7.148861149,8.050529626,7.773850603,10.47899276,10.06480321,10.58237137,7.449411693,7.390434924,7.234944489,7.328667113,7.169735782,7.373895837,7.386627764,6.834109791,6.862375846,6.726880704,6.661360072,6.952064863,7.15489501,7.026593127,7.336056843,7.204061646,7.120024068,6.866993794,6.799221987,6.843078345,6.988358451,7.333751104,7.142751236,7.020451362,7.158849931,8.148772537,8.049892482,8.143719828,11.58258681,11.48842846,11.45553086,10.48298063,10.67385045,10.59288982,8.649813285,8.869295265,10.81081584,10.23600809,7.545324842,7.598988476,7.526114279,7.570117774,7.457925424,7.476060967,7.661990359,7.56237959,7.545813417,7.537318361,7.379404918,7.680606498,7.667229182,7.601468579,7.259936642,7.672376551,7.560140359,7.572759319,7.630914709,7.635255286,7.445255856,11.29027182,11.17534857,11.14908866,11.56765536,11.29796591,11.60535039,11.45285288,11.34209814,11.74370267,11.63486662,11.70370163,11.66236345,9.868309026,9.996573978,10.15512766,10.15086725,10.26877968,10.34869636,10.09396068,9.622284404,9.490566641,9.764876827,9.22976059,9.183079134,10.45233301,11.04300565,11.59965779,11.15882142,7.654188124,8.04035002,10.47899276,7.234944489,7.373895837,8.737144997,8.050529626,7.773850603,7.268387847,6.767670562,10.06480321,7.449411693,7.328667113,7.169735782,7.386627764,7.329084185,8.028896389,8.197571727,7.564368918,7.686823574,7.872259943,8.884419753,9.155955781,6.968402818,6.03936501,8.318510806,7.570117774,6.884024751,10.67385045
AT1G27600,7.823282424,7.903798814,8.139274577,7.898239389,7.970152956,7.911490953,7.961579227,7.990981812,7.904979299,8.01946463,8.058272734,7.764394976,8.005450868,8.109736269,7.906875301,7.603065499,7.585649956,7.491958345,7.852701432,7.829874027,7.834418225,7.941584726,8.222821885,8.390190077,7.66352704,7.874350017,8.395270152,8.124549867,7.585649956,7.491958345,7.66352704,7.874350017,7.970152956,7.911490953,7.834418225,7.941584726,7.823282424,7.903798814,7.904979299,8.01946463,8.005450868,8.109736269,7.535090574,7.738116446,7.605801032,7.69144414,7.78427352,7.742254924,7.951738513,7.810527771,7.711731233,7.729435741,7.841876491,7.912040161,7.67902943,7.934869922,7.767949379,8.087174884,7.517418975,7.537494949,7.929787273,8.114321953,7.741170852,7.734242499,7.87718461,8.138708607,7.851588432,7.80974619,8.56820904,8.636168535,7.669713373,7.597596135,8.787410506,8.948826658,7.584082506,7.272727254,8.755620703,7.603822753,7.49134081,7.607036817,8.433284162,8.092683208,7.805090702,7.79565018,6.456891311,5.735897396,7.054715436,6.948007579,7.96409053,7.945476778,7.908913352,7.861767622,6.604599071,6.744656489,7.500095553,7.196352116,8.210580956,8.217183321,7.578440144,7.670297893,6.757880227,6.631245812,9.257960766,9.421848579,9.47106349,6.629413105,6.772913201,7.15655484,7.909883381,7.86233575,7.664407687,6.426462356,7.351389985,6.62423144,6.370570186,7.164295614,7.591184027,6.604880871,6.554402435,6.541079131,7.073078233,7.508472221,7.559032349,6.861911741,7.279683872,7.655972167,6.646951966,6.724244551,6.647912523,6.05747907,5.864040052,7.05539626,7.47329282,6.891323648,7.674955134,6.668704156,6.624912249,6.976093744,7.724149669,7.267804282,7.515904901,7.378613371,7.613832933,7.552057007,8.663123648,7.364425955,8.130769346,7.467673292,7.165202508,7.675169002,7.664264873,7.801578147,7.908168895,8.485155561,7.997971245,8.036831529,8.326122668,8.469849122,8.068746951,8.155356737,7.68980754,7.924319564,8.057597588,7.900337299,8.12840154,7.987247031,8.046595089,7.981008602,7.90219957,8.025621946,7.953900708,7.942260746,8.270863214,7.927677914,7.962139644,7.642810789,8.201526605,8.095351508,8.265919691,8.059804126,7.981280409,7.805359246,7.968129539,7.98709455,8.080838226,8.097131837,8.177226502,8.026819346,8.053759345,7.896907975,8.029287551,7.652817264,7.830991207,7.969060429,7.81524818,7.844754123,7.90295091,8.048791779,7.765311092,7.826653889,8.015436609,8.044434668,7.88439582,7.700865035,7.957863904,7.650823559,7.656862926,7.779057842,7.71311521,7.735658114,7.673052672,7.761191684,7.926269696,7.858246142,8.084997093,8.314778936,8.217894984,8.237674052,8.045552744,7.974680425,7.941006257,8.018196102,7.993970228,7.934281869,8.041843483,8.005759761,8.281453621,8.183194558,8.264905964,8.332579414,8.012544561,7.987679373,7.883006211,7.910080608,7.952470702,7.994346111,7.941888271,7.657649526,7.903814663,7.807425634,7.805000997,7.991792183,7.730235757,8.932151902,8.767612101,8.653603832,8.718255348,8.774652649,8.881619392,8.832924501,8.693157768,8.618597029,8.6674916,8.483794544,8.785232945,8.446155643,8.810112706,8.370764294,8.563994705,8.796540127,8.554785736,8.582650285,8.581351945,8.745744057,8.888152444,8.962570173,8.900805604,7.439563387,6.895547932,6.741396469,7.293163283,8.270863214,8.232285728,7.805359246,8.177226502,7.896907975,8.095351508,8.059804126,7.981280409,8.01867727,8.05962551,7.968129539,8.080838226,8.026819346,8.053759345,8.029287551,7.947358431,8.046595089,7.981008602,8.025621946,7.953900708,7.942260746,7.927677914,7.642810789,8.005450868,8.217183321,7.90219957,8.005759761,7.607036817,8.217894984
AT1G67980,5.175757633,5.0658904,5.918851522,6.973088721,5.159151948,5.217779068,6.476680528,6.893334625,5.135391998,5.03480151,7.618728207,7.81416666,5.448508341,5.263788866,7.364090954,7.329061724,5.045909089,5.250755387,5.75174363,5.704853906,5.185816203,5.187964091,6.256486908,5.962294473,5.237809433,5.049966298,6.558630981,7.091253193,5.045909089,5.250755387,5.237809433,5.049966298,5.159151948,5.217779068,5.185816203,5.187964091,5.175757633,5.0658904,5.135391998,5.03480151,5.448508341,5.263788866,5.48925425,5.683585474,5.241171352,5.27984191,5.300805884,5.428158932,5.16461055,5.280879268,5.187742764,4.968609278,5.315855678,5.467651879,5.121934247,5.159312537,5.182270643,5.479623392,4.763615647,5.090120448,7.440342588,6.434510075,5.31243045,4.947382551,7.306021553,6.581706456,4.954649573,4.975947708,9.646342706,9.951941119,4.818578437,5.024326696,10.49430968,11.32420295,4.944604459,4.944124763,9.498878126,8.792280507,4.794446202,4.739845601,9.930561328,10.3902969,5.582407177,4.975330557,5.542754845,6.509475717,5.055431954,5.221226171,5.172791128,4.909898801,4.936615961,4.958332397,6.344554997,5.825709342,5.208033574,5.194141033,4.660634177,5.06788832,5.336783355,4.82466238,6.063736836,5.900813752,4.832846169,4.488843472,4.415836453,4.806030907,4.843311843,4.781214891,5.292831887,5.038191752,5.135760494,4.918972623,4.572509427,5.139879515,5.115484356,4.803954759,4.92196905,4.718695612,4.664241043,5.203908845,5.305779109,4.998311055,5.20613408,5.234822655,5.898400863,4.812836326,5.039106163,4.970641859,5.114842089,5.396580816,5.045953843,4.822241277,5.639659142,6.151338545,5.11314813,6.55536245,5.706110775,4.779378955,4.533886153,4.529755831,4.688938359,4.674279489,4.759039992,4.99440634,5.064759444,4.793945799,4.695893216,4.67665104,4.537783456,4.511040312,4.366203569,4.454934109,4.36497268,4.755554189,4.342316392,4.111129747,4.358332557,4.300876486,4.256612835,4.252841602,4.264838798,5.09467257,4.255348357,4.541931208,4.470641549,4.523195532,6.468159148,6.595943384,6.702054244,6.48274659,6.778459474,6.811074985,6.786959402,8.06202831,7.857146121,7.880622776,7.115080461,6.50630014,7.254654406,7.677256876,6.690108639,7.662623836,7.814222463,7.972751238,7.482304936,7.431318522,7.500306749,8.25699392,8.370145129,7.269912668,7.099948368,5.531195785,5.537280156,5.315354038,5.210054575,5.368076305,5.50614493,5.185272117,5.077445028,5.048779507,5.368800592,5.122232627,5.446623995,5.279178539,5.632937563,5.10231637,5.017677581,5.130867189,5.144868428,5.267443301,4.898468007,4.851471768,6.845665311,6.823989545,6.996554116,4.742982017,4.673922391,4.630787678,4.919930177,4.970310989,5.22862211,6.949878009,4.309139971,4.205780289,4.315121589,4.241312027,3.944303727,4.602904276,4.064000324,4.286003373,4.332076508,4.449871738,4.080564623,4.097605923,4.313061083,4.499058998,4.298468277,4.437108601,4.2809482,5.589775538,4.476795262,4.368107682,6.574723333,5.090727267,5.24075812,5.538786463,4.826018371,4.693325041,5.833090661,5.825719556,5.137400794,4.552201068,5.634731078,5.289355668,5.214167476,6.820167148,5.474861753,6.952539784,5.767086923,5.807735309,6.026807361,11.24893574,10.52352878,11.08017477,10.8780081,11.10292329,11.04858791,5.39041381,5.377478197,6.346663005,5.726098545,6.786959402,5.577715851,7.662623836,7.500306749,7.269912668,6.50630014,7.677256876,6.690108639,7.308342491,7.340298914,7.814222463,7.482304936,8.25699392,8.370145129,7.099948368,7.178308392,6.468159148,6.595943384,6.48274659,6.778459474,6.811074985,8.06202831,7.880622776,5.448508341,5.06788832,6.702054244,4.241312027,4.739845601,4.673922391
AT2G30490,10.78785007,10.7758226,12.00774386,12.25520652,10.91012424,10.80767386,12.66100547,12.85875668,10.30441235,10.3028678,12.41097918,12.38605216,9.699628485,9.910606756,12.11390947,12.70559973,10.32755861,10.34609228,12.30786197,12.38244152,10.88782349,10.88801726,12.06123393,11.84669247,10.93435802,10.92512772,12.16509762,12.14539854,10.32755861,10.34609228,10.93435802,10.92512772,10.91012424,10.80767386,10.88782349,10.88801726,10.78785007,10.7758226,10.30441235,10.3028678,9.699628485,9.910606756,11.20519842,11.1418544,10.12424853,10.08594545,10.60954816,10.62140178,10.63071448,10.52256397,11.12318848,11.2186531,10.84110511,10.7418461,10.13108,10.13819952,9.582459191,9.662517545,10.82058768,10.85123595,12.5249646,12.13810177,10.73767501,10.76031004,12.31333708,12.32730079,10.85118486,10.75541203,12.21723703,12.43432693,10.69811977,10.43129643,11.85228536,11.88023033,10.69209398,11.14671022,12.18461411,12.88419634,11.81330347,11.85092755,12.73505031,12.67817713,10.9780044,11.81875649,11.92950195,11.95798388,8.850400817,8.846676882,10.43050716,10.59068454,11.72991297,11.84108884,13.08629659,13.03910767,9.026279515,8.599257118,11.16001372,11.05406272,12.42080441,12.59411563,13.08801863,12.91481079,10.48301792,10.57688417,10.29426695,9.94994204,9.526050935,10.95813294,11.86382915,11.86288465,11.78842872,12.03054499,12.03129085,12.15828533,11.02755659,10.81788866,11.90440029,10.64004952,10.65639168,10.69772382,9.514786587,9.352404548,9.413686333,10.5170697,10.39844946,10.82105571,11.60279636,11.61843428,11.511599,12.03980929,12.60455849,12.23008361,11.753551,12.09584584,12.11629537,11.04745609,10.50323518,11.51252827,12.44853327,12.48254723,12.41415153,12.64807146,12.43094504,12.58303824,12.34309543,12.60661523,12.55110634,12.70660826,12.46917716,12.66610952,11.78468487,11.79120276,11.87599455,11.75722639,11.7413188,11.6562958,11.73096159,11.56136665,12.23137415,12.08492676,11.83096294,12.02513988,11.92957334,11.75921292,11.99384805,11.85044005,11.59247444,11.50488683,11.68091345,11.77607502,11.75198586,11.72176491,11.15826794,11.47613008,11.44339989,11.51203826,10.97675275,11.23696092,10.61367751,11.2345508,10.67923699,12.56167356,12.18707434,12.47290377,11.34086475,11.19780927,10.58770456,11.32488124,10.97039849,11.10714428,10.8917915,10.97024941,10.8680905,10.32474903,10.38985333,10.50944571,10.48800571,10.38738268,10.4008826,10.05022347,10.04550792,9.855110792,9.659018753,9.621765187,9.549072078,10.09074826,10.07977645,10.78726328,10.86880766,10.86179452,10.93020173,10.82217266,12.25195978,12.26608628,12.22232776,11.45475386,11.47262665,11.51730171,11.42479594,11.47316948,12.16825058,11.69210412,10.75573262,10.78439797,11.05526455,11.00255138,10.79656719,10.74052016,10.85502484,10.60905501,10.69972077,11.0109357,10.74213623,10.85383966,10.76065744,10.81538843,10.60862478,10.8701691,10.99353,11.29488489,11.07499829,10.86337259,11.32170173,11.90269211,11.85937206,11.83984324,12.04203516,11.91507838,12.08619724,12.07764658,12.12806534,12.18213955,12.18483756,12.16882535,12.21406731,11.97439268,12.03373017,12.04705429,11.97859349,11.9609901,11.86811504,12.41681827,11.98780761,12.47070008,12.60328791,12.38458034,12.29410358,12.01645128,12.08344605,12.58882916,12.60937172,11.15826794,10.22930361,12.56167356,10.58770456,11.10714428,11.23696092,11.2345508,10.67923699,10.16363555,10.18609727,12.18707434,11.34086475,11.32488124,10.97039849,10.8917915,10.88219401,11.59247444,11.50488683,11.77607502,11.75198586,11.72176491,11.47613008,11.51203826,9.699628485,11.05406272,11.68091345,11.00255138,11.85092755,11.47262665
AT2G37040,10.88657726,10.96519477,11.50241347,11.87340092,10.99333778,10.72581304,12.38244491,12.93242149,10.23749572,10.07559589,11.53744946,11.17828029,8.979250308,9.186427697,11.40469521,11.85494411,10.26666594,10.22217121,12.03490996,12.44781249,10.44772903,10.69678084,11.21943018,11.17465624,11.142398,10.98556443,11.39163923,11.1173436,10.26666594,10.22217121,11.142398,10.98556443,10.99333778,10.72581304,10.44772903,10.69678084,10.88657726,10.96519477,10.23749572,10.07559589,8.979250308,9.186427697,11.14939459,11.30630741,10.02980867,9.904642941,10.51776517,10.52629936,10.54185016,10.58948324,10.87215786,10.97922301,10.55972043,10.65933578,9.801806115,9.553229346,9.075565214,8.956599422,10.74402202,10.51228443,11.10107047,11.20171958,10.29693754,10.40738034,11.67661565,11.64850509,10.24933019,10.12316771,11.596461,11.73048012,9.625984054,9.543168269,11.33397176,11.56707019,9.221467838,10.2022331,11.60805438,12.38640051,10.68333662,10.42327453,11.63885718,11.82842627,10.80320505,11.71922955,12.57413897,12.02811444,7.004983107,6.504218288,9.891305104,9.971954127,11.68915448,11.86619157,12.90794117,12.80718504,5.971046115,6.17665496,10.74716112,10.57805789,12.47724007,12.47795733,12.83413074,12.72985662,6.778457337,6.257684877,6.165502283,9.230807194,9.524405828,11.27100201,12.50931307,12.36532976,11.96976407,12.60716204,12.56167162,13.38452097,11.25775695,10.84228494,12.0280775,10.2822114,9.203409156,10.40519968,7.152817962,7.164821221,7.793810031,9.870810807,9.582156353,11.23069463,11.91155494,11.26638441,12.00784345,12.91457662,12.53086518,12.85419563,12.33956904,12.64753584,12.65228756,11.8742434,10.79309961,12.37250812,11.80109629,12.42118617,12.12417163,12.36742783,12.15684099,12.29855469,11.96217741,11.5986926,11.74740731,11.94436316,11.83362182,11.92560649,11.79080014,11.4728298,11.86666339,11.58289259,11.36972046,11.18210321,11.44998214,11.35469521,12.12028713,11.82961674,12.09857641,12.01181044,11.67156216,11.42064916,12.11130165,11.77842361,11.15229066,11.18363551,11.47935154,11.07201315,11.06795435,10.84003183,10.05484601,11.54174287,11.65332504,11.73025039,10.00160691,10.76821192,10.56258522,11.0014739,9.831226573,12.25906275,11.86261591,12.41029262,11.943852,11.86675925,10.63169379,11.48437453,11.24937912,11.02772532,11.23407354,11.05251211,11.11585002,10.41560546,10.50247422,10.56748281,10.64647242,10.53458479,10.5529192,9.849030469,9.702671188,9.902569392,9.805490898,9.140157662,8.967959562,10.02754217,9.933770528,10.74970048,11.0019831,10.70504805,10.53535344,10.58399284,12.67558204,12.54020284,12.58240425,11.42563832,11.58303333,11.64953618,10.75792071,10.88638731,12.27071303,11.91043156,10.75405799,10.70689095,10.91206779,10.64004724,11.2248474,10.91355104,11.12464694,10.69985464,10.79897678,10.91379345,10.7548918,10.78397504,10.69822835,10.92872602,10.69136801,10.91060282,10.93824139,11.06552567,11.01214627,11.04349957,11.10240093,12.17225473,12.12616544,12.28672985,12.42367785,12.28777115,12.39240988,12.43922998,12.55860023,12.70692039,12.58954277,12.85150361,12.54449762,12.45357869,12.25545002,12.47199783,12.56075343,12.19438368,12.39304478,12.60622962,12.38734377,12.57135693,12.82833192,12.40729982,12.45108813,12.15629062,12.3785074,12.93271336,13.00611889,10.05484601,9.216193818,12.25906275,10.63169379,11.02772532,10.76821192,11.0014739,9.831226573,10.22290232,10.21016641,11.86261591,11.943852,11.48437453,11.24937912,11.23407354,11.0984501,11.15229066,11.18363551,11.07201315,11.06795435,10.84003183,11.54174287,11.73025039,8.979250308,10.57805789,11.47935154,10.64004724,10.42327453,11.58303333
AT2G37090,5.916808188,5.806975977,6.536944168,6.352279486,6.056698341,5.97329017,6.624197388,6.357821473,6.278272618,6.083942252,6.203389636,6.52270571,6.133934169,6.132873867,6.437397837,6.630288997,6.079180204,6.089642452,6.189155831,6.80361771,6.391943999,6.189858819,6.760355059,6.773363913,5.889149921,6.073315189,6.068771914,6.538420134,6.079180204,6.089642452,5.889149921,6.073315189,6.056698341,5.97329017,6.391943999,6.189858819,5.916808188,5.806975977,6.278272618,6.083942252,6.133934169,6.132873867,5.921584883,5.932811072,5.848780486,5.895542185,5.851564269,5.897472104,5.988457323,5.998596119,6.2706442,6.053629703,5.696571555,5.719662336,5.873069954,6.004321043,5.896620859,5.682634727,6.393960501,6.084951536,6.203345938,6.808449246,6.235636251,6.601723038,6.654102099,6.575196136,6.344601301,6.593244444,6.393744909,5.743118501,6.225819847,6.570728765,6.476960132,6.231187043,6.542711685,6.417828456,6.687548286,6.972205893,7.445288627,7.176797173,7.329739706,7.098742673,8.11931483,7.80134209,10.85990637,9.712362682,6.378989251,6.599339213,6.554489591,5.617410249,7.954982251,8.169404647,9.669021371,9.815763519,6.526856717,6.663830533,5.849868736,6.382147635,8.758788501,9.045584102,9.60136142,9.794437803,5.935017914,5.873922027,5.764137308,11.38400335,11.26710611,11.23845215,6.976677396,6.961925233,6.82256324,7.904665878,7.801162426,7.701509239,9.822855529,9.39192414,9.609528638,6.559884696,8.13256713,6.767682917,6.292250353,5.843149545,6.370798185,12.51349893,12.12613923,11.03357834,7.02615688,7.119293293,9.060469956,7.197039068,6.220643015,7.855343724,10.98124088,11.57343013,10.88138679,7.556286005,7.742554657,8.706313047,8.029370356,7.838288097,7.905161453,7.72900432,7.901239928,8.109118907,7.850437906,8.02003901,8.32576519,7.857713062,8.043141059,7.822221126,8.046390306,8.249928859,8.033926839,7.639078458,7.858149315,7.825184948,7.752544394,7.690542253,7.963557945,8.080053432,8.554517798,8.31998278,7.974950053,7.667590096,7.815466028,7.689165485,7.550339772,7.819183581,7.567244402,6.532850445,6.317197829,6.354811156,7.117648219,8.831492462,9.082916467,8.692920904,7.449649723,8.680314173,5.911530757,7.645473828,7.216205226,10.73190534,10.34265251,10.83893761,6.799565536,6.266630365,5.704997686,5.980140349,5.925325151,6.421792842,6.000812869,6.043487774,6.075838017,6.084373125,6.145364041,5.990734804,6.098584162,5.927186132,6.10648919,6.286747185,6.114184145,5.791363973,5.782573831,6.390137459,5.894629833,5.911981496,6.353255578,6.490397167,6.371733755,8.442150769,8.431419641,8.317879255,11.30271442,11.15202247,11.10447512,10.69398429,10.78056455,10.80486545,8.802658783,8.985627805,10.62581885,10.11769801,7.640993102,7.436408035,7.300220078,7.717967283,7.756966783,7.852577424,7.674028309,7.755486684,7.745265418,7.674521857,7.742272931,7.734077694,7.722924718,7.999931356,7.593856285,7.607354825,7.790679112,7.519877472,7.70768812,7.952873184,7.570022222,11.48184663,11.50791207,11.30639317,11.92229003,11.40745692,11.36491637,11.30155458,11.22734921,11.40879157,11.44338707,11.42996729,11.39244103,9.99311114,10.12867435,10.19073651,10.29745005,10.36999534,10.39919816,10.78673103,9.959947868,9.856886792,10.4914231,9.778310218,9.855921944,9.569249795,10.05046782,10.41780323,9.790506191,7.117648219,7.648944224,10.73190534,5.704997686,6.421792842,8.680314173,7.645473828,7.216205226,5.984554286,6.07696846,10.34265251,6.799565536,5.980140349,5.925325151,6.000812869,6.044243381,7.550339772,7.819183581,6.532850445,6.317197829,6.354811156,8.831492462,8.692920904,6.133934169,6.382147635,7.567244402,7.717967283,7.176797173,10.78056455
AT2G40890,10.09383927,10.12934935,10.41079273,10.54427845,10.1040843,10.21373741,11.04867673,11.1310421,9.878240146,9.764342784,10.65802102,10.53627918,9.725534843,9.764272391,10.66600406,11.21197751,9.963721409,9.91818738,11.00040579,10.98937304,10.41643938,10.49824134,10.81418254,10.762249,10.52592471,10.52447809,10.5756621,10.41437165,9.963721409,9.91818738,10.52592471,10.52447809,10.1040843,10.21373741,10.41643938,10.49824134,10.09383927,10.12934935,9.878240146,9.764342784,9.725534843,9.764272391,10.52265514,10.58912246,9.865517398,9.877444994,10.13231846,10.11230939,10.20970269,10.31637577,10.53587993,10.5337792,10.34462926,10.32920108,10.17316144,10.12481153,9.823475246,9.824193605,9.920237535,9.969005104,10.16413634,9.859691366,10.03871023,10.03430928,9.824074259,10.06102129,9.787297493,9.866939765,9.143339517,9.173676974,9.813261083,9.439871784,9.331615567,8.763384484,9.305116619,9.130716529,9.659887814,11.15934029,9.701352615,9.826242791,10.2482951,10.19054166,10.97531257,11.12936029,11.63203516,11.06061812,7.802221829,7.458881693,9.038859674,9.189100585,11.27270454,11.46700198,12.10323205,11.94959842,7.824422145,7.773329826,9.875904275,9.991609956,12.1995877,12.17892383,11.69814731,11.65259258,6.924650807,6.454898495,6.876240259,9.62162089,9.375291177,10.90717477,10.78448963,10.80221035,10.50093452,11.52204548,11.83325457,12.66740417,10.53754035,10.81009616,12.04860886,10.63234865,9.613025316,10.49684406,8.324675814,8.166458606,8.012740779,9.717818979,9.897092743,10.84877153,11.34399358,11.02977413,11.79649828,11.60296097,11.51018117,12.38426264,11.50245463,11.81629751,12.0427409,10.5299434,10.07023097,11.5394299,11.33680409,11.29357065,11.37463966,11.38781739,11.34305874,11.38266326,11.67009798,11.30953708,11.44464538,11.35818387,11.16199586,11.4127983,10.82485643,10.88789167,10.86872524,10.93304006,10.75285625,10.58683531,11.0350879,10.70728916,10.83008855,10.75970994,10.91077099,10.97472954,10.8039032,10.76798721,10.88597649,10.93995855,9.937746336,10.03460106,10.1567037,9.658615257,9.627883573,9.809361108,9.080884534,10.28262576,10.27939373,10.28262576,9.172603844,9.831113258,9.350492947,9.571195665,9.094940585,11.07026147,10.9928946,11.15069752,10.28262576,10.15067174,9.507851957,10.04514591,9.830841331,9.924929736,9.739387977,10.55714718,10.60880497,10.1470815,10.25194707,10.37333086,10.29498287,10.19580322,10.27937397,10.18996912,10.20036103,10.19586741,9.846331935,9.862140956,9.94096895,9.871486373,9.941610007,10.63417148,10.58925838,10.24815528,10.21683756,10.21777329,11.81287174,11.91185536,11.88887136,11.31861953,11.42907346,11.24936722,10.17252496,10.08498352,11.59325823,11.3038104,10.28079046,10.16528454,10.48013543,10.32482432,10.22832435,10.00030384,9.942515471,10.24977615,9.979674552,10.4544786,10.3127029,10.12955807,10.18070424,10.17153532,10.09378278,10.3328652,10.54967349,10.46698514,10.37706356,10.24861737,10.41206513,11.25755187,11.19464285,11.2106171,11.36683063,11.36482418,11.55043128,11.43067823,11.53342795,11.65821323,11.76319805,11.64881952,11.62264869,10.55801026,10.6443597,10.64656141,10.6404478,10.93058998,10.46674974,11.09723997,10.6202703,11.15171999,11.51542546,10.9965783,10.96325143,11.22957627,11.42382912,12.03763471,11.99355346,9.080884534,8.99048639,11.07026147,9.507851957,9.924929736,9.831113258,9.571195665,9.094940585,9.380967847,9.397106679,10.9928946,10.28262576,10.04514591,9.830841331,9.739387977,9.772486358,9.937746336,10.03460106,9.658615257,9.627883573,9.809361108,10.28262576,10.28262576,9.725534843,9.991609956,10.1567037,10.32482432,9.826242791,11.42907346
AT3G21240,7.788290807,7.698406224,9.816737943,10.27690067,7.73787806,7.716885863,10.34002414,10.64630589,7.672691858,7.840947648,9.797169766,9.66115461,7.515869853,7.465549834,9.83250288,10.3584412,7.975221169,8.056050376,9.884186517,9.955612531,7.708045149,7.910018664,10.08661242,9.746041022,7.373331729,7.276706107,9.724683128,9.418581738,7.975221169,8.056050376,7.373331729,7.276706107,7.73787806,7.716885863,7.708045149,7.910018664,7.788290807,7.698406224,7.672691858,7.840947648,7.515869853,7.465549834,7.724526507,7.42848933,7.992591086,7.989536555,7.539575117,7.562782428,7.195577354,7.28001039,7.667051278,7.680399191,7.402660066,7.487674835,7.584808286,7.354091417,7.435707419,7.210223536,6.847133057,7.242392966,9.955718276,9.793330834,6.846747676,6.955142253,9.807410539,9.831645229,8.434708091,8.06509341,8.550643762,9.08432555,8.292354043,7.798380718,8.673382054,8.49838517,8.149760907,8.180216419,9.206193897,10.05586812,8.292762597,8.319451052,9.428264281,9.923455862,8.740399418,9.616794881,10.67678474,10.31742487,6.477521188,6.5319781,8.041288932,8.087401845,9.780289891,10.14065257,11.35003904,11.02933534,7.092328142,6.867328124,8.467038035,8.470645973,10.62780177,10.55798103,10.75970894,10.53266555,5.984851969,5.781833732,5.79517696,8.715259717,8.090135641,10.01243625,10.31394429,10.63216816,10.09067496,11.32699429,11.25243246,12.28103206,9.930657803,9.769834668,11.20667806,10.12264842,9.622340859,10.13029389,6.471215208,6.542152474,7.155591717,6.884349396,6.25695469,9.397707287,10.06515055,9.996417033,10.68297686,10.88264051,10.856263,11.95338879,10.47294052,10.6357517,11.13640551,10.18804014,8.947259927,10.65175871,10.24547127,10.58588111,10.68535287,10.64471268,10.41560624,10.71913978,9.949249932,9.534187558,10.07848973,10.37658099,10.30070203,10.27704258,9.346226227,9.173981119,9.242043302,9.050489394,9.32079982,9.086878061,8.945178866,8.807118905,9.64923023,9.500035318,9.230017482,9.515739457,9.330756929,9.238949674,9.081102092,9.12817765,10.028109,10.09584102,9.990559703,9.679556569,9.68834151,9.807078242,8.986733268,10.00057453,9.881240514,10.01533409,9.388440822,9.898589686,9.719465067,9.615645959,9.150148592,10.43236792,10.23992162,10.3801214,10.09813166,9.964497206,9.221153783,9.567128383,9.458811905,9.484505994,9.533589789,7.740246871,7.407219874,7.570531707,7.586149509,7.513004341,7.490122628,7.179955571,7.283558596,7.633648617,7.349129864,7.336516616,7.433831215,7.449551724,7.309975328,8.361042832,8.114652957,7.747125465,7.787113791,9.938153094,9.838694157,9.830582136,9.860140336,9.885719502,9.768765532,8.590463395,8.717105084,8.666484143,9.4317772,9.404604191,9.918661985,9.503816798,10.13636001,10.14276069,10.03269486,10.14934432,10.01251749,10.13484396,10.02820444,10.10266916,10.32403276,10.03406446,10.14166231,10.07954181,10.02157114,10.10086684,10.20941584,10.30652084,10.08979293,10.4155324,10.16554503,10.15482719,10.28619745,9.68614349,9.487474096,9.468225655,9.070910412,9.128972791,9.133469506,9.683521811,9.576642945,9.713644091,9.505619764,9.553599394,9.487659216,10.26746186,10.4094994,10.34966066,10.41223025,10.3303842,10.39530432,10.55496522,10.36526009,10.45722017,10.71341407,10.37406062,10.14375864,9.80749812,9.704913339,10.94134149,10.59187882,8.986733268,8.780187465,10.43236792,9.221153783,9.484505994,9.898589686,9.615645959,9.150148592,9.572880894,9.443595023,10.23992162,10.09813166,9.567128383,9.458811905,9.533589789,9.326167406,10.028109,10.09584102,9.679556569,9.68834151,9.807078242,10.00057453,10.01533409,7.515869853,8.470645973,9.990559703,10.14934432,8.319451052,8.717105084
AT3G50760,7.589586194,8.139969969,7.249085151,7.350054032,8.371749396,7.301910455,7.148120334,7.322615065,6.723897012,6.926848768,6.948662715,6.883809563,6.563577567,6.488206804,6.756832529,6.935152555,6.582931325,6.569581018,6.732242088,6.555830827,6.895883433,6.780220564,7.040656114,6.605693982,6.622971034,6.390961439,8.100301934,7.79145335,6.582931325,6.569581018,6.622971034,6.390961439,8.371749396,7.301910455,6.895883433,6.780220564,7.589586194,8.139969969,6.723897012,6.926848768,6.563577567,6.488206804,6.258231382,6.282829019,6.515008262,6.472403292,6.377921865,6.555922637,6.882216685,6.586429988,6.734042668,6.627900144,6.555685119,6.49171404,6.484380886,6.27599383,6.633800827,6.595288882,6.138504311,6.044857692,6.926169132,7.035750081,6.353217614,7.135919636,7.175514723,6.987226945,8.247715351,8.094105513,7.634231353,7.679551043,7.990395957,7.869133292,8.835763832,8.445320274,7.245483901,8.166741022,8.173022769,6.906858108,7.200778926,7.033384103,7.562193262,7.206657434,6.814947296,6.418389301,6.837790712,7.651226111,7.991558947,7.486262713,7.581668817,7.64100768,8.596153607,8.683686672,7.817346646,7.097235942,7.410863442,7.210864542,7.608555711,7.791908905,7.427198702,7.538767201,6.686143472,6.992138657,9.227345673,9.286660204,9.246004906,7.459848455,7.270063821,7.166210834,6.871565481,6.794509766,7.029553638,6.074065496,5.678605064,6.262821408,5.491620717,5.728560419,6.46316685,5.714826541,5.868151073,6.073150992,8.750560594,8.582720589,9.056963382,8.135430492,7.959895495,7.284386693,6.494934691,6.313056535,6.961921922,7.10586496,6.506951347,6.454737722,6.200864911,6.019799758,6.536377559,6.052523991,6.040889052,6.311278017,7.557181129,7.418203477,7.561184758,7.397558134,7.592350703,7.794575133,7.20206146,7.030495602,7.308790061,7.139448311,7.145532441,7.235219407,7.467621828,7.444989773,7.584694661,7.422439445,7.642642558,7.823518779,7.185426977,7.808283587,7.275215676,6.731447865,7.142193366,7.218183734,7.771658958,7.60295488,7.534409983,7.102436352,6.431165791,6.58663018,6.466276511,6.477641047,6.571915362,6.567613211,5.764027159,6.233412987,6.460614765,6.599254744,5.568199566,5.698699212,5.945252163,6.139259181,5.745545507,6.679126378,6.21223942,6.630920551,5.846473696,5.844669233,5.785937821,5.732514742,5.848309825,5.829034758,5.926475568,6.185156662,6.145272213,6.348756338,6.439040252,6.366488884,6.237291421,6.647157388,6.530811827,6.453654136,6.161545525,6.068208288,6.976720578,6.530240643,6.521752067,6.41279564,6.215543908,6.619562418,6.557703845,6.355707201,6.546179566,6.741416126,7.01939425,6.842510129,6.969060617,7.20761178,7.335145245,7.439772094,6.869643542,7.054145717,8.351528549,8.39891601,7.294518787,7.7066702,7.716567105,8.215369064,7.364609598,7.592238248,7.838631517,7.272154562,7.52419398,7.622966857,7.906940673,7.095172504,7.717851804,7.738892853,7.002049278,7.748756142,7.539561919,7.824167756,7.056036275,7.799599021,7.926187218,7.084775631,7.137513695,6.684613803,7.186646476,7.280305043,6.966753976,7.310247969,7.675921822,7.816999952,7.952712602,7.64135432,7.62745931,7.712883059,7.967694677,7.879063658,7.181719799,5.864130445,6.551468317,7.623749641,7.070584817,7.551452786,7.47724346,7.454620965,7.904170079,7.309045862,7.86093325,6.833068413,6.995254771,5.764027159,5.888721904,6.679126378,5.785937821,5.829034758,5.698699212,6.139259181,5.745545507,6.0180334,5.976758639,6.21223942,5.846473696,5.732514742,5.848309825,5.926475568,5.909686419,6.431165791,6.58663018,6.477641047,6.571915362,6.567613211,6.233412987,6.599254744,6.563577567,7.791908905,6.466276511,8.215369064,7.033384103,7.335145245
AT4G34050,11.80696802,11.68960985,12.68354,12.90099886,11.76251585,11.65722033,12.86343293,13.03218782,11.32232238,11.2743852,12.90713966,12.60001263,11.19028524,11.14886907,12.80831916,13.12406326,11.5575761,11.67967876,12.76702254,12.89070018,11.74123375,11.83993786,12.97226573,12.73002646,11.53791408,11.65740487,12.46266216,12.38634475,11.5575761,11.67967876,11.53791408,11.65740487,11.76251585,11.65722033,11.74123375,11.83993786,11.80696802,11.68960985,11.32232238,11.2743852,11.19028524,11.14886907,11.82015784,11.5960682,11.62056422,11.56983354,11.46571819,11.60606483,11.58945417,11.66297708,11.77096199,11.73919851,11.49082253,11.47265524,11.46580083,11.37862194,11.29041316,11.28639872,11.47017623,11.48532375,12.33869331,12.49595348,11.51192333,11.66334492,12.45971313,12.47538864,11.78658894,11.71030443,11.73565162,11.86393028,11.9283046,11.69806447,11.33264157,11.17966507,12.14068404,11.867006,12.25763267,13.02721244,12.0839153,12.16009544,12.2446385,12.51243518,11.69029959,12.2480411,12.65576523,12.76951559,8.832257096,8.622418993,10.62986701,10.8689024,12.16620197,12.5144659,13.34745889,13.52402603,9.243283259,8.640136582,11.44430172,11.17206101,13.05300849,13.02768517,13.11921544,13.17869337,9.059101519,8.896166889,8.805504211,11.71880699,10.92010572,12.12954813,12.26156128,12.59035915,12.38888666,13.20332109,13.14706756,13.31933265,11.81261271,11.74520583,13.05639715,12.41721854,12.10547338,12.43319979,9.285388239,9.298132569,9.540121412,11.34289851,10.93157228,12.09738749,12.90446963,12.69404795,13.07803222,12.90702247,13.10055644,13.07019652,12.79230355,13.06415858,13.07976824,12.0755602,11.44405191,12.80841764,12.19241862,12.87847894,12.88884832,12.91407353,12.86844012,12.78445999,11.78805064,12.69427818,12.31301459,12.88138276,12.58935709,12.67825023,12.4440021,12.47601611,12.46310176,12.48193949,12.47640671,12.47106806,12.31603326,12.406438,12.73147429,12.75026093,12.61949235,12.96367397,12.52539082,12.37881971,12.63160896,12.47106806,12.41616195,12.39601877,12.52716793,12.06008825,12.06478388,12.04379948,11.80609262,12.87324018,12.79568203,12.70508161,11.97679628,12.44373167,11.99317341,12.26112265,11.71822729,13.27519144,13.19205649,13.21556538,13.02634926,12.91155161,12.25590053,12.73742235,12.40678863,12.75086847,12.63024727,11.91657335,11.72666509,11.66339181,11.74507573,11.56683244,11.54218129,11.65274817,11.72555587,11.55596829,11.54806662,11.6158548,11.2939014,11.36206175,11.46743378,11.72637826,11.7501506,11.83753151,11.74229597,11.9639964,11.91689675,11.84152612,13.63752361,13.54947137,13.51890296,13.1773692,13.28112753,13.22025609,12.55215859,12.6333269,13.45719403,13.24537847,12.30084256,12.19154405,12.33238665,12.30795534,12.27506545,12.20467764,12.2224625,12.22874122,12.16034244,12.305447,12.25546674,12.20492907,12.20583525,12.28265179,12.27679831,12.45316383,12.42475581,12.56874864,12.40889845,12.41280889,12.63072857,13.39553242,13.36252976,13.39987149,13.4454679,13.65216356,13.5219173,13.62592392,13.57188719,13.59332691,13.63510248,13.59459086,13.64896965,13.19702058,13.40194073,13.31708763,13.27777748,13.11001756,13.30088004,13.46247365,13.11634904,13.37300768,13.48617519,13.38588367,13.35824881,13.46574545,13.5499189,13.76303824,13.81881516,11.80609262,11.38789561,13.27519144,12.25590053,12.75086847,12.44373167,12.26112265,11.71822729,11.81321683,11.74979797,13.19205649,13.02634926,12.73742235,12.40678863,12.63024727,12.52941727,12.41616195,12.39601877,12.06008825,12.06478388,12.04379948,12.87324018,12.70508161,11.19028524,11.17206101,12.52716793,12.30795534,12.16009544,13.28112753
AT4G36220,9.273649693,9.039871715,5.487975386,5.847651368,9.046690352,9.210877434,4.95678091,4.83755646,9.399022227,9.018090316,5.285701811,5.505686261,8.806337576,8.849590569,5.044630861,4.657206453,8.692939173,8.862752611,5.12924887,5.431931115,9.299838849,9.345435153,5.515081228,5.106513976,9.401082263,9.315650804,4.831754651,5.350810868,8.692939173,8.862752611,9.401082263,9.315650804,9.046690352,9.210877434,9.299838849,9.345435153,9.273649693,9.039871715,9.399022227,9.018090316,8.806337576,8.849590569,9.682740529,9.272642464,8.631787575,8.625453633,8.700089955,8.91337736,9.406741802,9.45424755,9.374626254,9.456013456,8.869392158,8.993675705,9.205897063,9.047421009,9.013137349,9.026135631,8.599973287,8.444559815,5.038164983,5.002260165,8.49012456,8.716760008,5.171839541,5.226093265,8.550940719,8.373891144,4.839488335,5.371282799,8.228812083,7.995802414,4.740700044,4.370193189,7.170470526,7.336043316,4.516265302,4.90226657,8.131620533,7.932714838,5.119773129,5.117548383,4.278508099,4.673948008,4.164676404,3.887567425,4.138999234,4.121186795,4.154489649,4.188273922,4.232017116,4.028931044,4.262724108,4.375138715,4.271475873,4.161505867,4.117838971,4.137735852,3.938191707,3.95437277,4.655095537,4.19120418,4.13503067,4.309393959,4.353761989,4.707051881,4.402355692,4.040155542,5.375123198,4.883575715,5.311830549,4.110515507,3.977578391,4.204257483,4.408688478,4.113518685,4.263498921,4.143003856,4.426624524,4.131072736,4.25266768,4.117184178,4.158968583,4.389624732,4.261543508,4.215562568,4.979304383,4.470765471,4.586588366,4.116970185,3.953218606,4.070172659,4.100117646,3.944954793,3.835628925,4.009319587,4.37374094,3.917455985,4.761799494,4.266157498,4.450277377,4.414785373,4.378636334,4.584811852,4.005234381,4.298046272,4.583669104,4.542287673,4.710131668,5.17435396,4.829705307,3.937168171,4.850913672,4.57136159,4.297232052,4.325114324,4.197957379,4.221553217,4.978316092,4.04429784,3.985792188,4.261392797,4.286238071,4.21798242,4.20791496,4.315354304,8.373828503,8.765411474,8.484415319,8.38880582,8.237390942,8.139881571,9.991200912,8.963429879,9.04303656,8.84259972,10.35068036,10.71268914,5.36814521,10.0060442,10.06501005,9.94667043,10.18850362,9.997366825,9.592626877,9.461366215,9.479869535,8.772467385,9.533245132,8.657844194,8.76558629,9.621886194,9.27388927,8.778896094,8.853351141,8.929078209,8.916394552,9.467864113,9.401351333,9.207134385,9.022719058,9.270721443,8.945749029,8.996835498,8.921512314,8.705845135,8.705419392,9.297247623,9.456251662,8.973444149,8.909266353,8.848867862,10.12435281,9.94667043,10.17146973,7.294835491,7.325142549,7.398508689,5.757479761,5.744320903,9.200684788,9.48154614,8.279290041,9.135538726,7.808951994,9.138139866,8.696671144,8.760661972,9.0902988,7.989292835,8.853182286,7.813393775,8.847002049,8.529208088,8.72605277,9.196946232,8.039191446,8.925022444,7.988128761,8.880561438,8.449804629,8.659266577,9.216217893,9.95921107,9.894229317,10.13126901,10.14507866,9.813649635,9.870274956,10.11499916,10.17874979,10.28818282,10.22599989,10.24072427,10.19861847,9.112486074,9.445517784,9.548196437,9.378997423,9.588734748,9.390941958,9.479158839,8.954209117,9.052134012,9.832197312,9.250078716,9.528882256,8.602439563,8.58049582,10.6743528,10.76653324,9.991200912,9.731729868,9.94667043,9.479869535,8.657844194,10.71268914,10.0060442,10.06501005,5.473818559,5.672563058,10.18850362,9.592626877,8.772467385,9.533245132,8.76558629,8.627137908,8.373828503,8.765411474,8.38880582,8.237390942,8.139881571,8.963429879,8.84259972,8.806337576,4.137735852,8.484415319,9.138139866,7.932714838,7.325142549
AT4G37970,5.389112478,5.158797705,5.137311554,5.216182268,5.360048488,4.947573511,6.236496086,6.328820862,5.565673555,5.659518771,5.933953353,6.403990159,5.63249851,5.387185862,5.976863121,6.357911585,5.276789964,5.033501911,6.135600798,6.143671145,5.439711386,5.313843053,6.622756027,5.776891517,4.891134882,5.115613262,5.301552073,5.804214542,5.276789964,5.033501911,4.891134882,5.115613262,5.360048488,4.947573511,5.439711386,5.313843053,5.389112478,5.158797705,5.565673555,5.659518771,5.63249851,5.387185862,4.896963186,4.760209618,5.230408962,5.379832033,5.12890814,4.928961173,4.92798053,5.164390834,5.175423548,5.254970614,5.129211452,5.038794851,5.562798523,4.973267632,5.144583712,5.099730469,5.359755231,4.528515405,5.032748401,5.424420593,5.014493227,4.84130839,5.198575505,5.412698222,5.78051818,5.831272296,6.711651268,6.422618489,5.824971812,5.793259245,6.742533608,5.878549314,6.239213408,5.705557416,6.334351159,7.394315788,6.325189513,6.073889873,7.08518103,6.90612493,5.163535693,4.919036597,5.351545733,4.60723215,4.731020913,4.391928464,4.420424485,4.594304006,5.231514058,4.887247185,4.484327225,4.458714264,4.592059132,4.640831707,4.64164639,4.481026582,4.745551921,4.698301495,5.642376863,6.27094906,4.276514801,4.552943256,4.371629303,4.490357092,4.578587775,4.298706244,5.058515699,5.140929882,5.137381714,4.53453101,4.360048222,4.539181873,4.778932645,4.405189164,4.56019088,4.347999349,4.624392805,4.420824776,4.544465327,4.289141055,4.29841122,4.821752148,4.154318352,4.612493957,4.80167226,4.663413677,4.511452088,4.66702177,4.559177995,4.499647903,5.109746761,5.039715277,4.502033624,4.743140037,4.670742353,4.411922485,5.136659381,6.354835246,6.539207615,6.35731082,6.699450276,6.466092137,7.119315453,8.073911691,7.335677762,8.267449685,8.034626617,7.778133237,4.190480593,4.442666111,4.089915941,4.660801947,4.447718619,4.335655676,3.917217304,4.073611761,4.453833144,4.280710791,4.882286151,4.024349258,4.409039735,4.68794244,4.1685874,4.510722188,8.549387864,8.511882308,8.13744612,9.841522997,9.71880045,9.864739097,10.08177019,8.748692048,8.798798477,8.604483117,9.96314345,10.26229114,4.980344561,9.544739174,10.05662625,10.50039346,10.71601232,10.75709106,7.910512438,7.758322071,8.193704876,8.3099974,8.119360178,7.923005206,7.813548548,5.04453628,5.011265222,5.124921923,5.157660107,5.12189429,5.268194313,5.008804946,5.366374613,5.539074632,5.151875523,5.190079334,5.163357385,5.225967625,5.220330508,5.542150867,5.524242943,5.263941959,5.38600993,8.274778654,8.101522756,8.16605946,7.146282032,6.957873542,6.974820875,7.722178749,7.599989255,7.739675332,10.22629822,9.752469011,6.248584644,6.182845329,8.118923685,7.96175303,7.716567105,7.570338817,7.685182874,7.840622998,8.162821237,7.991359884,8.135012057,7.685660819,7.663841138,7.76982822,7.845435479,8.112117206,8.093007079,7.874963954,7.752846536,7.723286402,7.778892093,8.060712725,7.964078048,8.982796462,8.780982467,8.536359846,8.914698075,8.891042351,8.782610402,8.394754027,8.540483254,8.483255643,8.890516212,8.970602856,8.678768757,9.389404591,10.1755376,9.752760971,9.42155711,10.22941025,9.541709335,8.767469613,8.884321713,8.43010015,8.828088828,8.995796006,8.885438155,6.840643839,7.408624368,7.189433976,7.720241298,10.08177019,10.23463603,10.50039346,8.193704876,7.923005206,10.26229114,9.544739174,10.05662625,5.25951512,5.243378019,10.71601232,7.910512438,8.3099974,8.119360178,7.813548548,7.638292069,8.549387864,8.511882308,9.841522997,9.71880045,9.864739097,8.748692048,8.604483117,5.63249851,4.481026582,8.13744612,7.570338817,6.073889873,7.599989255
AT5G03760,9.296011689,9.446415874,8.239901331,7.946343963,9.368497893,9.581156681,8.087676107,8.46552003,9.135725099,9.034487093,7.351283111,7.036270763,8.369758479,8.34615008,7.109164726,6.845755091,8.881694156,8.69506947,7.803096472,8.716090583,9.335044066,9.476127026,7.949601789,7.779740104,9.397478371,9.534021365,8.013655357,7.871751584,8.881694156,8.69506947,9.397478371,9.534021365,9.368497893,9.581156681,9.335044066,9.476127026,9.296011689,9.446415874,9.135725099,9.034487093,8.369758479,8.34615008,8.988928991,9.01391186,8.887115834,8.654137223,9.120741497,8.953004861,9.406522557,9.600178356,9.395257636,9.506442925,8.951865755,8.989791625,8.943193726,8.664685716,8.323771899,8.047564739,8.400373282,8.696995714,6.83299808,6.899748285,8.597435394,8.768774775,6.747681456,7.073295331,9.720079402,9.361992533,6.039453934,6.278432209,8.806276124,9.286787993,5.513764656,5.3771303,9.263003941,9.184417707,4.832468542,6.981873725,9.879388138,10.04170622,6.874967143,6.358002138,6.767138278,7.182135423,7.577755596,7.145088677,6.113688765,5.867203329,8.783645222,9.037655039,9.712088705,9.512445318,9.955164529,9.661560825,6.807086245,6.178920138,8.133413985,7.966435602,8.905896858,8.876359744,8.855451649,8.665213548,8.811288421,8.676143152,8.863759366,6.417854762,6.161460542,7.282668082,9.963640601,9.481996003,9.518808824,6.588905435,6.121985779,7.17423523,6.439757405,7.240414319,7.61161472,10.35849285,10.40420276,10.79974921,6.188806752,6.595121224,7.806070521,5.374190097,5.287829308,6.676344693,5.768232943,6.323748891,7.155808364,6.187501483,5.387912979,7.194352658,7.836686673,7.670445567,7.522218653,10.02317995,10.9632541,9.261954422,8.205982783,8.10592994,7.650673093,7.745499115,7.439514446,7.560801261,8.520914766,8.150898596,8.634611978,7.850417256,8.445070463,8.120752187,7.762148014,7.911029166,6.736600238,6.689844794,8.242529281,8.368056308,6.976883764,7.245291453,8.027799478,7.95118297,7.028927684,6.267467217,8.868111932,8.311252216,7.409388899,6.993629747,6.15781744,6.284884406,6.189691247,4.491750335,4.606822841,4.736458446,5.172317922,7.853803728,7.747274473,7.702676626,5.773932994,7.357121394,4.730871345,6.596548588,5.320389202,9.240014132,8.663965728,9.249534912,5.946615081,5.826337645,4.139524515,4.567955068,5.024409954,5.427691884,4.987114205,8.702121823,8.80919026,8.859556203,8.829306708,8.704194627,8.854682183,9.181277602,9.421632479,8.746461182,8.437530205,8.567228778,8.3577077,8.011325861,7.72442851,8.584612623,8.398062071,9.112634648,9.307285255,8.616405466,8.593652891,8.492204648,11.4473042,11.36280709,11.30263308,10.12692095,10.22221361,10.2533822,8.546018956,8.433552474,11.09108974,10.73948675,8.477828729,7.540046536,8.343415095,7.609311409,7.976920312,7.533201224,7.735375395,8.52870612,7.531988864,8.659036713,7.888844008,7.522555074,7.523299678,7.635260516,8.574723824,7.435383925,8.462238503,7.359446442,7.962385043,7.634618502,7.287690133,10.94531423,10.85227526,11.16977149,10.89941319,11.19786617,11.28961296,11.45477574,11.44913964,11.76927074,11.80943044,11.75973652,11.58972192,9.497557091,9.094544982,9.653978891,9.781789319,9.032857692,9.828545118,9.407564362,8.804889142,9.217760243,9.290303313,8.907780887,8.853286544,10.58565729,10.93029126,11.64694923,11.47743923,5.172317922,5.47820104,9.240014132,4.139524515,5.427691884,7.357121394,6.596548588,5.320389202,5.400398265,5.52088669,8.663965728,5.946615081,4.567955068,5.024409954,4.987114205,5.12537617,6.15781744,6.284884406,4.491750335,4.606822841,4.736458446,7.853803728,7.702676626,8.369758479,7.966435602,6.189691247,7.609311409,10.04170622,10.22221361
AT5G17420,6.369340363,6.243526247,7.254148207,7.219306328,6.569127514,6.568102787,6.959500774,7.110344928,6.818797863,6.944211067,6.876239021,7.085281394,6.909859957,6.712679853,6.813137186,6.652404512,6.990022803,6.899226642,6.496063382,7.073646072,6.995064328,7.091534003,7.05028104,7.26087153,6.570655512,6.769968268,6.545062251,6.938749286,6.990022803,6.899226642,6.570655512,6.769968268,6.569127514,6.568102787,6.995064328,7.091534003,6.369340363,6.243526247,6.818797863,6.944211067,6.909859957,6.712679853,6.409013128,6.527047691,6.525081684,6.536427427,6.750670488,6.382651803,6.34437793,6.33659746,6.555565331,6.69378757,6.383143944,6.42049154,6.618837416,6.492476537,6.588438913,6.566943392,6.252635855,5.806979598,6.084265232,6.697946836,6.07030285,6.130731063,6.893055252,6.209364681,6.062001499,5.796664021,6.233600005,5.370646126,6.052652173,6.150096991,6.108034538,6.093830471,6.811455219,6.323941706,6.40384215,6.789266825,7.384589492,7.538120426,6.988420884,7.06884537,6.603451369,6.679723994,8.942708822,8.032842352,5.106848849,5.171639988,4.849651743,5.146272779,6.924488574,6.975883738,8.169375909,8.182964005,5.089956652,5.083617641,5.328909253,5.249305221,7.398886711,7.552712576,8.216113317,8.459275519,4.937649142,4.920538658,5.163821345,9.685007142,9.576342476,9.68885652,5.039700812,5.277197679,5.327798079,6.476594374,6.315836096,6.180903422,8.205506658,7.776427765,8.872871465,5.88433585,6.370203358,5.858116136,5.004382341,4.956319694,4.821514013,11.22613199,10.42811889,9.737157547,6.668668631,6.594158146,7.747169454,5.696468479,5.864877019,6.500724469,9.48432769,10.13824442,9.604320721,6.342264581,6.945409397,8.137773089,6.376849607,6.33418155,6.307261643,6.304408505,6.174505794,6.267867483,6.656188376,6.493056592,6.875527611,6.599902067,6.162631848,6.535939931,7.536087288,7.147074646,7.591346409,7.430857777,7.401269499,7.558363095,7.302294543,7.567440271,7.41639765,7.479940768,8.295539941,7.840347722,7.178013597,7.233690846,7.278505281,7.39200225,8.964587171,8.959090693,9.061310896,6.937235399,7.138259094,7.104052362,7.567666853,10.12173749,10.23319803,10.4587847,7.95506872,9.609946112,6.109207249,8.599583543,7.596545357,11.78788311,11.25685286,11.71312,7.687584371,7.523759223,6.339168444,6.586372178,6.274695181,7.221534524,6.79833232,6.611536253,6.563830751,7.025508614,6.574325733,6.490350872,6.595701795,6.377609197,6.518602981,6.920373802,6.659232721,6.496501667,6.336340673,6.714797885,6.617056875,6.70839121,6.60452837,6.573229147,7.0684006,8.462143206,8.418799109,8.411132777,12.33168284,12.43204963,12.22726341,11.2815088,11.38405249,11.34403396,9.172650039,9.577690772,11.79735841,11.23741531,7.619194317,7.492550813,7.659923158,7.686939293,7.653874736,7.826466939,7.761807647,7.781338832,8.030234235,7.724653701,7.691956914,7.995583931,8.073965412,7.992609303,7.709829589,7.835394301,8.038886272,8.13739412,7.900818532,7.946888751,7.846015356,11.92298909,11.8045358,11.92199452,11.64997163,12.25567988,12.34459155,12.03626954,12.04887266,12.40069998,12.29143923,12.48462232,12.15722811,10.65289496,11.06516845,11.07654062,10.93393627,11.08941259,11.29639708,11.09293243,10.34309883,10.4128502,10.85658297,10.33729901,10.19666223,11.90396083,12.17061925,12.70598889,12.88352289,7.567666853,8.170427892,11.78788311,6.339168444,7.221534524,9.609946112,8.599583543,7.596545357,6.805353648,6.846009745,11.25685286,7.687584371,6.586372178,6.274695181,6.79833232,6.465179114,8.964587171,8.959090693,6.937235399,7.138259094,7.104052362,10.12173749,10.4587847,6.909859957,5.249305221,9.061310896,7.686939293,7.538120426,11.38405249
AT5G44030,7.664802096,7.664422608,8.38203138,8.137616601,7.739892922,8.113213447,8.052840037,8.073538586,8.066729653,7.991200024,7.798255746,8.1155576,8.181728296,7.976333853,7.950791559,7.724106085,8.178573557,8.058169758,7.569869705,8.115024289,8.18251081,8.037441515,8.116283386,8.12745055,7.487027015,7.984160062,7.732703134,7.960918419,8.178573557,8.058169758,7.487027015,7.984160062,7.739892922,8.113213447,8.18251081,8.037441515,7.664802096,7.664422608,8.066729653,7.991200024,8.181728296,7.976333853,7.483162946,7.524057281,7.949366727,7.767344788,7.699778183,7.567731118,7.688157639,7.831072179,7.748996005,7.878338381,7.236495744,7.490730096,7.645927017,7.670442873,7.624819641,7.556224924,7.178343087,6.919116015,6.983975523,7.484592244,7.098502588,7.319424256,7.773430493,7.417166767,7.153299906,6.995099679,7.026730909,6.629677747,7.159835699,7.132959944,6.841341122,6.786945724,7.536588167,7.463136008,7.310640716,7.590040568,8.215494947,8.264386999,7.80170989,7.733621417,9.076609503,8.473598892,10.64899937,9.48722973,5.496607488,5.348240373,5.869456731,6.069875987,8.519334818,8.622685533,9.884881614,10.07968012,5.878957769,5.985303556,6.200242901,6.066717919,8.964824124,9.232694171,10.16041164,10.39168314,6.51283652,5.360626673,5.996299126,10.63035526,10.94609626,11.32593157,6.969174889,7.057929719,6.840393811,8.026048931,7.761872599,7.704162941,9.61081287,9.506214806,10.49989976,6.788565325,7.518526364,6.579712786,5.208175317,5.554226291,6.018177145,12.12227447,12.11277408,11.22249031,7.405693361,7.114837694,9.013505275,7.029171887,5.829628535,7.994165291,10.9464635,11.43179694,11.13197929,7.343773373,9.161540039,9.690415137,8.517023272,8.014266537,8.176068527,8.483971728,8.272020877,8.196117992,8.713789237,8.401887261,9.014760633,8.488269232,8.230088111,8.186873546,7.985410796,7.958944594,8.091469744,8.35566782,7.687725436,8.316267506,8.35720332,8.450303689,7.709253338,7.784210995,9.096952992,7.963138054,8.164880965,8.102918781,8.228121977,8.253661454,9.325627147,9.221566486,9.578278983,7.794440611,7.839302643,7.828767207,8.368910466,10.82796911,10.88314236,11.02404879,8.865469648,10.6752351,6.670771954,9.460872517,8.491836696,12.2889813,11.90991054,12.27582047,8.097022079,7.99771471,6.793082726,7.349846591,6.794884716,8.010581302,7.646758533,7.420267271,7.535252122,7.672654782,7.640602714,7.385998677,7.452920083,7.648591523,8.040769416,7.681530323,7.601400045,7.275791203,7.204340738,7.642556804,7.606448571,7.797462794,7.615220383,7.725784429,7.907669763,9.00857906,9.382668568,9.267899877,12.62140043,12.69992094,12.62355668,11.87256353,12.03049707,11.99269456,9.984559353,10.08206316,11.8446172,11.69647239,7.73676058,7.840785776,7.576040604,7.656133394,7.752950286,7.963934768,7.73222352,7.785333713,7.791259278,7.858611428,7.97804092,7.962859458,8.140399524,8.110158691,7.670153694,7.942801728,8.012733791,8.265817125,7.867465882,8.12793035,7.901629296,12.19107824,12.00058059,12.1943715,12.08768203,12.38249659,12.50712701,12.33829723,12.54230922,12.54094509,12.53360299,12.66978005,12.48773983,10.82864172,11.03448158,11.21473773,11.24636256,11.00851395,11.25426052,10.90318511,10.08210811,10.55395299,10.85588974,10.36763969,10.35549146,12.0500118,12.20177441,12.57215207,12.57238376,8.368910466,8.666352647,12.2889813,6.793082726,8.010581302,10.6752351,9.460872517,8.491836696,7.239947323,7.313502955,11.90991054,8.097022079,7.349846591,6.794884716,7.646758533,7.263947955,9.325627147,9.221566486,7.794440611,7.839302643,7.828767207,10.82796911,11.02404879,8.181728296,6.066717919,9.578278983,7.656133394,8.264386999,12.03049707
AT5G48930,11.70309909,11.84134953,10.94186174,11.08053909,11.73944915,11.81748358,12.06111641,12.21767739,10.96704346,10.99541273,11.39491638,10.84426346,10.59670183,10.84133667,11.32674433,11.82293986,11.17372212,11.00080846,11.28374563,11.31973658,11.72660964,11.75688716,11.18878631,10.98578807,11.70097375,11.7097509,10.68785089,10.68238505,11.17372212,11.00080846,11.70097375,11.7097509,11.73944915,11.81748358,11.72660964,11.75688716,11.70309909,11.84134953,10.96704346,10.99541273,10.59670183,10.84133667,11.28076006,11.46989867,10.99619468,10.98357547,11.31316506,11.32507384,11.33105863,11.30755016,11.70220536,11.8087104,11.43449285,11.53577592,11.21896802,11.10814631,10.77584751,10.93868145,11.42811831,11.51373764,10.78898033,11.00747218,11.49618247,11.58371262,11.29590229,11.06352306,11.37711767,11.19261611,10.41048275,10.7867423,11.05464372,11.13122334,10.69357715,10.38524027,11.32261566,10.93773804,11.23729422,11.9978963,11.7096496,11.90039661,11.49958744,11.7451259,10.78344888,11.34779225,11.01474078,10.82031346,8.180843505,8.192994337,8.778611095,8.99655048,10.32092201,10.74684562,12.38541896,12.1464635,8.72776409,8.368054724,9.462729196,9.293660009,11.38793257,11.52076151,12.15373145,12.31423662,7.838002664,7.579339814,7.509759472,8.800225143,8.653587163,10.44332123,9.786802123,9.607237242,9.222723228,11.45795926,11.80890266,12.5027183,9.950206633,9.830051309,11.3433649,9.547095082,8.64829071,9.949394026,7.461121523,7.440535454,7.878916102,9.902362359,9.891702717,10.10401746,10.00278851,9.171926948,10.88464648,11.61734927,11.80456191,11.93946822,10.64558432,10.89357124,11.39603401,10.06037385,9.6366297,10.29972806,10.9212374,11.0947616,11.33161359,11.29353304,11.16824195,11.23930091,11.45069651,11.28576682,11.58702753,11.66482163,11.23233106,11.46767717,10.57270276,10.62486363,10.89152179,10.75972893,10.36720578,10.31153278,10.82215548,10.60686134,10.72756397,10.55430763,10.65377421,10.55838439,10.57364048,10.50972392,10.67230789,10.60082879,12.1210302,12.12957176,12.19911314,12.03747493,12.06928975,12.05495895,11.9654563,12.18484224,12.12214177,12.09588472,12.16509598,12.66880668,11.40749125,12.31877373,12.06538025,12.73687721,12.64617821,12.6870372,11.93268841,12.01947854,11.29420411,12.01286885,11.70673355,11.57157048,11.68324405,11.32980721,11.4439628,11.3702176,11.42433216,11.39353898,11.5049334,11.36797317,11.41948573,11.24123368,11.22655137,11.21955126,10.79361313,10.8448173,10.98544478,11.0997333,10.99364223,11.70802015,11.70466329,11.00157565,10.91816537,10.85387604,12.65651215,12.73346275,12.7036785,12.00578385,12.07060525,12.07707979,12.14008786,12.1228112,12.49718965,11.99640182,10.33197468,10.54624778,10.60910498,10.5033156,10.6552716,10.5492034,10.47833757,10.30280589,10.48738581,10.5733967,10.44234998,10.61143637,10.58716227,10.46704382,10.32976687,10.57960233,10.66275454,10.62845917,10.83081647,10.60877671,10.8436335,12.15726796,12.17614092,12.30972091,12.07210575,12.22079219,12.34453828,12.38438665,12.43456606,12.60459627,12.61117576,12.59772881,12.40451255,11.99524737,12.20068756,12.28825487,12.48911747,12.5384917,12.57611893,12.53348392,11.97502539,12.36326772,12.56241823,12.1333749,12.2202927,12.12556818,12.29090363,12.46348035,12.8270622,11.9654563,11.77002282,12.73687721,11.29420411,11.57157048,12.66880668,12.31877373,12.06538025,11.23245532,11.2145921,12.64617821,11.93268841,12.01286885,11.70673355,11.68324405,11.67265428,12.1210302,12.12957176,12.03747493,12.06928975,12.05495895,12.18484224,12.09588472,10.59670183,9.293660009,12.19911314,10.5033156,11.90039661,12.07060525
AT5G54160,11.33694679,11.47965287,10.99147308,11.16792531,11.45338336,11.35662206,11.43046348,11.30735152,11.5787326,11.33996608,11.20763597,11.18571676,10.85862248,10.74349578,11.42042385,11.90570721,10.45810008,10.54990404,11.37111738,11.37230618,11.4142814,11.5387572,11.60217357,11.36072074,11.5808753,11.51616097,11.23273974,11.340765,10.45810008,10.54990404,11.5808753,11.51616097,11.45338336,11.35662206,11.4142814,11.5387572,11.33694679,11.47965287,11.5787326,11.33996608,10.85862248,10.74349578,12.17384164,11.94295678,10.00210081,10.20527418,11.31298435,11.54873676,11.69662388,11.54666256,11.66650651,11.62173621,11.81351565,11.46277299,11.47283692,11.64368331,10.8827749,11.00697893,11.62307072,11.69168169,11.9542677,11.91395613,11.69732639,11.48021988,11.81515491,11.55644256,12.26030714,11.98161352,11.16150274,11.21478975,12.0270366,12.0813213,11.06839368,10.61181718,11.53514087,10.96141453,11.46253485,12.53329286,12.0685692,12.25422587,12.05262064,12.16958285,11.04486203,11.97714275,12.2797293,12.13115969,6.915463582,6.875729927,9.032009017,9.264743809,10.69538292,11.17072503,13.01811265,12.95327881,7.962542021,7.535790697,10.3001759,10.19071617,12.21980883,12.17598129,12.86141183,12.8699869,9.300931155,9.258770021,9.236037425,9.988456908,8.387218598,10.61820644,12.23474383,12.39312185,12.16010616,12.04443619,11.95168292,12.75292455,10.70617461,10.23246343,11.84255987,11.27222332,11.00128917,11.35739278,10.4683129,10.21054488,9.95262734,9.710764225,9.296111061,10.71938958,13.0645739,13.01024462,12.63299729,11.81966374,12.38232861,12.60275548,11.76412958,12.13616611,12.2766294,11.24081851,10.13683307,11.62774228,12.24329164,12.56308942,12.31563521,12.27954344,12.2371369,12.29738698,11.86009269,12.42434423,12.14794937,12.61513079,12.56913688,12.51786906,11.66712725,11.71371281,11.87070053,11.90753947,11.94959842,11.79032739,11.79320898,12.00285836,12.25477361,12.05993733,11.95511506,12.19825356,11.84604937,11.82836428,12.14234632,12.02258593,12.07235878,12.03852675,12.03170579,12.21405427,12.2579874,12.25845953,12.23721133,12.47392662,12.54507048,12.53845439,12.61862044,12.65374411,11.9646166,12.32989285,12.21016662,13.02005883,12.89078777,12.90033854,12.78400893,12.72160377,12.29448095,12.59557504,12.57084885,12.13968102,12.24656342,12.00349016,11.86145669,11.38850059,11.57215318,11.73533,11.3958927,11.69322506,11.60294706,11.52346617,11.65639063,11.94529814,11.23759056,11.07080305,11.12954399,10.16997884,10.29349572,11.71844376,11.63516638,12.06895045,11.94772471,12.00971633,13.26150808,13.20330727,13.15477101,12.23362139,12.24604961,12.25381296,12.30011311,12.18034732,13.16964232,12.95589301,11.86244093,11.90811147,11.90160703,11.97577445,11.71688694,11.88792017,11.91087726,11.73820577,11.84643799,12.00749259,11.90929603,11.87981936,11.87212641,11.95266681,11.68518835,12.04241033,11.87476004,12.08383803,11.90504379,11.86988665,12.12237892,12.86997888,12.81348906,12.88701466,13.16468627,13.02628859,13.03999412,13.09622791,13.23673957,13.33373908,13.32486442,13.34056794,13.28232109,12.91167392,13.03270098,13.09988467,12.9021379,12.99253329,13.07043984,12.98888823,12.59583462,12.77274901,13.02724847,12.7915375,12.82384392,12.84330144,12.95113335,13.58708486,13.48259964,12.23721133,12.0510019,13.02005883,12.29448095,12.13968102,12.65374411,12.32989285,12.21016662,11.81894643,11.81430262,12.89078777,12.78400893,12.59557504,12.57084885,12.24656342,12.15725137,12.07235878,12.03852675,12.21405427,12.2579874,12.25845953,12.47392662,12.53845439,10.85862248,10.19071617,12.03170579,11.97577445,12.25422587,12.24604961
AT5G54690,6.242022183,6.050962939,6.776956331,6.755724429,6.235639278,6.017722687,6.756022266,6.841800712,6.420493222,6.381281256,6.710426956,6.827647576,6.379033999,6.222163535,6.895100312,6.756377939,6.335466972,6.469719915,6.329598391,6.734685418,6.53005751,6.616905688,6.676154069,6.864870033,6.23198529,6.261689587,6.110501001,6.572255182,6.335466972,6.469719915,6.23198529,6.261689587,6.235639278,6.017722687,6.53005751,6.616905688,6.242022183,6.050962939,6.420493222,6.381281256,6.379033999,6.222163535,6.132079915,6.105541729,6.220172136,6.240858095,6.53365059,6.168519081,6.243647852,6.61348382,6.38722732,6.425582202,5.954401968,6.023814514,6.314970907,6.221236687,6.122395052,6.386913945,5.592434916,5.430568303,6.095905014,6.630099698,5.518276573,5.398778673,6.690096382,6.291085942,5.392308033,5.491670696,6.640973636,5.683759748,5.52293549,5.67978895,6.247093452,6.447270077,5.633700023,5.835041109,6.360395543,6.749562355,6.78565695,6.470604508,6.862795991,7.003592954,7.482919462,7.321635301,9.661550411,8.662415351,6.015117095,5.991339979,5.384379518,5.351714106,7.313727623,7.44365138,8.898201588,9.36879338,6.062530923,5.63099182,6.092421259,5.726902088,8.277955536,8.323143041,9.291729333,9.379256849,5.167758742,5.357905651,5.624334783,10.46960604,10.39329563,10.8321949,5.740743057,6.045047501,5.710032559,7.03305916,6.830475948,6.343301927,8.912239255,8.58482515,9.474380587,6.236537912,6.419452107,5.40218742,4.658002838,4.960280032,4.631355553,11.84060675,11.49179604,10.75161582,5.401581706,6.333112047,8.736187935,5.730789414,5.786083356,6.814599679,10.16073632,10.66824153,10.00408324,6.295506434,7.724666904,8.139054126,7.524272643,7.405399902,7.466171673,7.677111592,7.630332657,7.743930797,7.39200225,7.767770562,8.10409447,7.954539004,7.427686326,7.4107991,7.548384334,7.436369832,7.307763057,7.218822335,7.184653907,7.101651772,7.504874592,7.194150227,7.412160072,7.174235106,7.939987971,7.511938733,7.344476169,7.065873868,7.220715122,7.335173143,7.787025288,7.727958828,7.659909324,6.532221914,6.533528366,6.597358725,7.211120388,9.2645977,9.364834092,9.410308559,7.529485888,8.97053601,6.169411919,7.945140711,7.259760451,10.7646981,10.08554033,10.83036676,7.287826853,7.204657032,6.329019667,6.447951131,6.114384507,6.950199351,6.394608875,5.911439676,6.01282561,6.584144399,6.19966409,6.049024295,5.764994228,6.039889167,6.459169688,6.034807855,6.325721313,6.074436789,6.236731361,6.103674615,6.007965864,5.967339156,6.208441858,6.228292416,6.21230057,7.875970189,7.75737111,7.783175747,11.91155343,12.03632884,11.87379598,11.02362424,11.16099836,11.13869609,8.350978489,8.636011883,11.26573264,10.99619491,6.727072997,6.894375961,6.830968262,6.889394041,6.947133759,7.127998119,7.054437268,7.054786459,7.056063286,7.014803107,7.156978564,7.382226925,7.316623196,7.294205695,6.925089536,6.909695739,7.295996718,7.151688536,7.126365918,7.424806386,7.021379222,11.36977625,11.34395786,11.20752943,11.45947367,11.58048342,11.6116254,11.61341024,11.54370829,11.68013515,11.77331634,11.78976811,11.56545507,9.867946354,10.26021182,10.12685576,10.24262286,9.946032502,10.30075055,10.22258841,9.801493747,9.823299994,10.05181398,9.460458634,9.529878993,10.70399188,11.25676609,12.05634424,11.86438513,7.211120388,7.551669305,10.7646981,6.329019667,6.950199351,8.97053601,7.945140711,7.259760451,6.255367058,6.180065134,10.08554033,7.287826853,6.447951131,6.114384507,6.394608875,6.11459356,7.787025288,7.727958828,6.532221914,6.533528366,6.597358725,9.2645977,9.410308559,6.379033999,5.726902088,7.659909324,6.889394041,6.470604508,11.16099836
AT5G67230,7.030248866,7.357291962,6.116457297,6.214537566,7.065855691,7.082733436,5.74424875,5.900135206,7.163756172,7.020785408,5.741849026,5.664723413,7.035154103,7.06305816,5.702157184,5.83209723,7.116500729,7.11884453,6.000701908,5.927551785,7.020226029,7.018420683,5.953415775,5.791733032,6.721396971,6.940124557,5.624337695,5.911414125,7.116500729,7.11884453,6.721396971,6.940124557,7.065855691,7.082733436,7.020226029,7.018420683,7.030248866,7.357291962,7.163756172,7.020785408,7.035154103,7.06305816,6.738990152,6.961837752,7.136871338,7.12728107,7.016482179,7.044544123,6.838872888,6.789379125,7.054708178,7.111644483,6.924012402,7.025427907,6.899430744,6.90441805,6.927814098,7.035858311,6.295948727,6.353348638,5.018452477,5.485477006,6.056932076,6.255488657,5.693179056,5.749310915,6.613001185,6.740240022,6.631276694,6.257329869,6.760143938,6.887684724,7.130981733,6.456300585,6.514890088,6.844813479,5.79575235,5.65919805,6.894466595,7.167278439,5.616764451,5.827012891,6.207776875,5.711750618,8.356159573,6.723093069,5.514304903,5.584544783,5.574406459,5.562927326,6.33700426,5.81522396,6.469568474,6.603843063,5.408785119,5.694477376,5.829969299,5.153511005,6.284491097,6.193373575,6.956554261,6.757586252,5.199259603,5.120247906,5.043941465,8.224032147,8.369727809,8.33792825,5.527488557,5.330943339,5.151476753,5.328957352,5.76312499,5.490734541,6.845326337,6.77759182,7.708197612,5.377628619,6.458816308,5.388457076,6.022736641,6.411017871,6.515103668,9.966635141,9.938099261,8.907766677,6.082879373,6.604628253,7.015610364,5.716089196,5.455053726,6.060648715,8.679166049,9.114938053,8.736730725,5.808916438,6.378822155,7.585145781,5.739907303,5.1012482,5.53024934,5.77589976,5.744107633,6.015488182,6.603382074,6.135344829,6.393371085,5.979528221,5.413776804,5.544649862,5.950653185,5.684916365,6.152603039,6.159392632,5.28185243,5.485756167,5.997592023,6.034802626,5.541887223,5.612395828,6.54670152,5.977529322,5.949026475,5.474368778,6.250239541,6.095270238,6.148957462,5.982276877,6.260471309,5.624008283,5.754903796,5.254270311,6.310937588,6.120928417,5.908778316,5.764235294,5.899305943,5.991945268,5.837487745,6.143769546,6.007716437,6.945103429,6.306511835,6.723159794,5.539500349,5.675409858,5.790094665,5.814349054,5.476259713,5.802469071,5.402477591,6.646095478,6.666956737,6.928080969,6.986772508,6.841952674,6.830007091,6.759294081,6.745090724,6.87265592,6.768559692,6.739696705,6.804848638,6.794537015,6.960953681,6.886682616,6.99256208,7.125149884,7.058043124,6.503038718,6.554049086,6.51526196,7.718727133,7.521396896,7.541960816,7.468588177,7.52269884,7.392998,6.481485372,6.235695009,7.567999044,6.69514276,5.988984848,5.934935085,5.772246119,5.407497144,6.162805998,6.140300956,6.282805743,6.140655199,6.092697146,5.689859216,6.185946834,6.12712682,6.501516722,6.434984214,5.959765512,6.192356064,5.857708295,5.666198225,6.229067644,6.085128398,5.878671721,7.661092236,7.645925161,7.385480104,7.899799626,7.845509656,7.874504113,7.571794917,7.259543475,7.340000584,7.621404314,7.291973427,7.471834906,6.734262954,6.716249579,6.729083981,6.918357517,6.533325092,6.551602204,6.713717141,6.103748845,6.791913715,6.356087101,6.12481033,6.094697222,6.963206361,7.169367983,6.051021795,6.314682182,6.310937588,6.142317043,6.945103429,5.790094665,5.802469071,5.991945268,6.143769546,6.007716437,5.737778829,5.871417594,6.306511835,5.539500349,5.814349054,5.476259713,5.402477591,5.548438851,6.148957462,5.982276877,5.624008283,5.754903796,5.254270311,6.120928417,5.764235294,7.035154103,5.153511005,6.260471309,5.407497144,7.167278439,7.52269884
AT1G72680,7.551960015,7.500588881,9.24072482,9.222766198,7.638062298,7.29107658,9.117202246,9.233339321,8.431422545,8.60068883,9.681211981,9.758192978,8.552397363,8.796725913,9.896029166,10.53696309,8.61536339,8.657115739,9.426866791,9.381227684,7.879142113,7.586601501,9.593677888,9.495367428,7.094375781,7.382046457,9.276432075,9.324991846,8.61536339,8.657115739,7.094375781,7.382046457,7.638062298,7.29107658,7.879142113,7.586601501,7.551960015,7.500588881,8.431422545,8.60068883,8.552397363,8.796725913,8.607882333,8.500449528,7.90877095,7.743621368,7.403622549,8.08192096,9.325482336,7.401034283,7.776849573,7.674473852,8.957167484,7.684249739,8.26033484,8.930087183,8.368325676,8.981312708,6.915614902,7.642906584,9.059925359,8.969993979,7.444892925,7.022862622,9.109310706,9.367192241,8.316650156,8.090020749,10.54922731,10.23246301,9.113216389,8.75459437,10.46391787,10.21740424,9.384758584,8.298691847,10.65261512,9.858065186,9.494993684,9.457300747,10.37354626,10.43887811,10.02561409,10.27042028,10.82825222,10.57490883,9.492139272,9.612499929,10.41212776,10.49765444,10.22876776,10.07195226,9.921106913,9.757503781,10.07111412,9.927763939,10.80071161,10.78694948,10.4770637,10.5198308,10.21015545,10.42594615,10.18979863,10.31779608,10.20450399,9.099770037,9.477625334,9.928589176,11.36126631,11.20253126,11.21706429,9.944848771,10.09221544,9.132220251,9.190524761,9.47429924,9.336316219,8.427197877,8.125566102,8.822455544,10.90287816,10.85613663,10.99717587,10.15308261,10.55361949,10.77786638,10.83705596,10.77999619,10.76167464,10.67088605,10.63536637,10.67388661,10.53704956,10.7602859,10.35139105,9.427735064,9.275011011,10.11053186,10.19334617,10.60618631,10.50975196,10.705037,10.866059,10.82184194,11.00250499,11.01448339,10.84549493,10.9515143,10.92699869,10.98245423,9.835689482,10.11376035,9.934776304,10.24459196,9.792696089,9.957231016,10.09686221,10.18917342,10.17177944,9.828180312,10.08727551,10.2861552,9.864724055,9.987874405,10.2280301,10.385407,9.626064588,9.775410133,9.565088287,8.398750038,8.553959631,8.360803418,8.738162326,8.769492912,8.766783367,8.796239161,8.732334646,8.840377851,8.529895321,8.604791368,8.945905362,8.686731873,8.772453886,8.781041936,8.641625948,8.355982229,8.220692609,8.499441408,8.623402989,8.787640689,9.030622999,8.891663376,8.505945872,7.287010857,8.251758958,9.119089021,7.612271298,9.261284413,7.413712339,8.303279457,9.035406508,8.929237563,8.977379816,8.44471623,8.898114933,7.918617403,7.7719808,7.555101584,7.560800616,8.443009111,8.468466321,8.436067762,8.527928755,8.308219282,8.369962396,8.159573479,8.368490626,8.153687008,8.328602296,8.428786229,7.953358506,7.917024364,8.737158322,8.881538314,8.80698449,8.773978992,8.82416678,8.890729649,8.836755391,8.693648322,8.89209499,8.790669128,8.819766206,8.91782341,8.980497967,9.107077719,8.891486555,9.090373966,9.05813749,9.082878844,8.911675906,9.118512925,9.642474544,8.433338213,8.588790974,8.55632415,8.639113408,8.239918811,8.089950996,8.003206181,8.084372427,7.7241366,7.768397036,7.599892077,7.947374256,9.799141257,9.335915956,9.527478458,9.101071976,9.418223458,8.895084216,9.456723535,8.879289901,9.09652599,9.639807211,9.017528082,9.113588802,8.935160665,8.914032879,9.380950694,8.972287983,8.738162326,8.798039067,8.686731873,8.220692609,8.787640689,8.840377851,8.604791368,8.945905362,8.286291319,8.53568745,8.772453886,8.641625948,8.499441408,8.623402989,9.030622999,8.616065759,9.626064588,9.775410133,8.398750038,8.553959631,8.360803418,8.769492912,8.796239161,8.552397363,10.78694948,9.565088287,8.773978992,9.457300747,8.368490626
AT5G60020,7.195010286,7.050186206,7.342194209,7.354076212,6.985991084,6.944730262,6.974385125,7.230591919,7.356715859,7.482945922,7.161807201,6.885828672,7.02718477,7.316232003,7.275741891,7.090600022,7.427732434,7.171550858,6.697701614,7.566954075,7.556687276,7.5687792,7.094903538,7.371575002,6.926688669,7.377827076,6.540764993,7.016765453,7.427732434,7.171550858,6.926688669,7.377827076,6.985991084,6.944730262,7.556687276,7.5687792,7.195010286,7.050186206,7.356715859,7.482945922,7.02718477,7.316232003,6.872621658,7.110413401,7.308576594,7.205363104,7.232817858,7.021461159,7.170271593,7.052633843,7.601413333,7.607633684,6.840915637,7.03174584,7.284676863,6.948676157,7.274425016,7.169102996,6.894034684,6.578213857,6.268583583,6.790305613,6.697057572,6.78578811,6.863312275,6.766258337,6.946200313,6.669770014,6.713417426,6.104048023,6.950481534,6.903195014,7.208938976,7.055751721,6.563455097,6.595970192,7.246626688,7.778715489,7.851165335,7.192751505,8.170964442,7.830514908,8.211907642,8.166547471,11.11388602,9.928138894,5.835741171,6.136352102,6.094599987,5.966521111,6.885394985,7.413579016,8.886093762,9.316865893,6.228823715,6.071376705,6.055531319,6.232397991,8.326301445,8.642666839,9.230736868,9.742344354,5.397308188,5.17454942,5.294890165,11.23914974,11.06221999,11.73786481,6.150453714,6.171390262,6.465469593,8.380982696,7.766787997,7.694773202,9.340434593,8.874395727,9.954256006,5.775110998,7.011456196,6.12236381,5.57346066,5.807375713,5.681039544,12.63013516,12.05709174,11.50757365,7.02871622,7.444055846,9.980955419,6.084458747,6.232039284,7.7868016,11.37619294,12.0586866,11.0245286,6.85932689,7.195526562,9.235056268,7.945573356,7.890159055,7.813946162,8.206490416,8.041486174,8.095783611,8.041942574,8.445072274,9.058079517,8.604020284,8.115964285,8.329328594,8.043799329,7.801598463,8.28759177,8.322714437,7.653866953,7.83782245,8.221847262,8.231150388,8.307616091,8.195703801,8.464692843,8.96045617,7.193554858,7.503552407,7.971991229,8.084282042,6.550334347,6.252204478,6.519771496,6.429789058,6.372002932,6.867921151,6.563330309,7.890176082,7.658039118,7.699118504,7.151856065,7.524851282,6.040221541,7.009518287,7.010802042,9.607723023,9.161054428,9.547926584,6.504015781,6.546739325,6.173613298,6.038468427,6.292875293,6.482428849,6.336183753,6.95277589,7.167469125,7.413449088,7.288435884,7.010189909,7.239325347,7.257910394,7.188255317,7.451634032,7.060177849,6.608277304,6.85769038,7.381416268,7.169921192,7.507717959,7.287665462,7.700497586,7.787744246,6.638975782,6.336032391,6.436180832,11.39245549,11.24340746,11.31620586,10.18700808,10.30906247,10.41278733,7.176349683,7.076190778,10.66915067,10.31811767,6.98021092,6.693577503,7.150382763,6.638877426,7.041692693,7.222689436,6.961417202,7.112350019,6.956528962,6.618048623,7.0253516,7.200386639,6.67064698,6.734001057,6.737078117,6.914644846,6.808911899,6.672285138,7.263135166,6.811607603,6.631119629,10.08124299,9.593061449,9.802714939,10.10618819,9.915918577,10.10533111,11.22354836,11.00541242,11.40019451,11.28244556,10.86612362,11.16043777,8.408025181,8.649957127,8.658463296,9.507700161,9.279252163,9.297348352,9.005528208,8.184376518,8.416364163,8.670144783,8.517663537,8.763870303,9.913462782,10.41876189,10.76118462,10.77154069,6.563330309,7.267430419,9.607723023,6.173613298,6.482428849,7.524851282,7.009518287,7.010802042,5.909420795,5.649576677,9.161054428,6.504015781,6.038468427,6.292875293,6.336183753,6.204858512,6.550334347,6.252204478,6.429789058,6.372002932,6.867921151,7.890176082,7.699118504,7.02718477,6.232397991,6.519771496,6.638877426,7.192751505,10.30906247
AT5G66690,6.759270067,6.714240728,10.71040374,10.9497406,6.673273196,6.50082268,11.02684992,10.38764311,6.839214312,6.646300429,11.5478957,11.3238272,7.030597451,6.609389677,11.26422772,10.58425375,6.831573084,6.866548201,11.73055629,11.56376818,6.8892313,6.961124426,11.64966218,11.87803855,6.67598301,6.41188766,11.40757004,11.81071999,6.831573084,6.866548201,6.67598301,6.41188766,6.673273196,6.50082268,6.8892313,6.961124426,6.759270067,6.714240728,6.839214312,6.646300429,7.030597451,6.609389677,7.558001228,6.758070233,6.515447909,6.479881608,6.905488437,6.583606101,6.428808791,6.539495129,6.59634306,6.535810818,6.397195883,6.593994166,6.425533652,6.493039261,6.82512565,7.025549458,6.46160021,6.248667966,10.75685187,11.07285166,6.057345918,6.442051878,10.86379667,10.95349283,6.529859324,6.724476252,9.578439811,10.05434927,6.447374717,6.167315709,9.851399801,9.591275309,6.093092987,6.261867824,10.34982899,10.91741642,6.317774755,5.876200687,10.32186845,11.01312408,9.578598674,10.43214689,10.66533992,9.162159892,9.294556226,9.026996786,9.289285595,9.351786186,10.26229751,10.23807464,11.30488142,11.29883335,9.413010672,9.421271358,9.666305728,9.741885318,10.32523575,10.37004127,10.28767559,10.4400133,10.4254758,10.14500428,10.35895249,10.91575854,11.39495778,11.22483933,11.91212529,11.79469537,11.0373405,9.276899919,9.524697511,9.940772673,7.486683902,7.072243757,9.954131569,6.483472406,6.273878145,7.198350134,11.91550406,11.58158948,11.70727409,11.21626031,10.934636,11.79024828,10.191411,9.353663974,10.69575131,8.867006902,8.404739754,10.79723746,8.690397305,8.892014198,9.90256632,7.653010467,7.692917141,9.409667596,10.56566523,10.86650917,10.87263322,10.88273672,10.74636469,10.94765677,11.10805555,10.56394469,11.22275989,11.47211536,11.38264897,11.32293711,9.492474271,9.546983737,9.12673073,9.324124164,9.71725275,9.850213463,9.343078371,9.384186348,9.191943457,9.020215916,8.751392267,8.942799335,9.685179492,9.816471933,9.191284544,9.240081265,6.913671879,7.139605376,6.827925878,8.33863106,8.372321446,8.429717909,6.65565653,7.473457219,7.346495151,7.375680416,6.733385317,6.630281816,8.613101883,6.700832824,6.645970495,6.59951229,6.627419812,6.50386117,8.345547316,8.362197387,8.243221772,8.262485253,8.320416552,7.743564214,8.019270208,7.167612159,6.375025458,6.630626596,6.389201422,6.304243067,6.423681858,6.253388588,6.258503606,6.05916446,6.373521816,6.420844745,6.912545347,6.521987705,6.734008317,5.998226778,5.831990309,6.654851595,6.186263952,6.547138532,6.585092561,6.469542203,6.26354902,6.323151852,6.480767801,5.882405993,6.183184158,6.019674028,7.14772522,6.978293791,6.380617734,5.709411262,8.948080498,9.406036883,8.830582207,9.010211986,8.25395206,7.848044846,9.112527209,8.696530612,8.994232146,8.936679493,8.73405469,7.560679326,8.05595172,8.772144598,8.960266502,9.104140824,8.915332923,8.96093801,8.191942684,8.182280303,9.018281905,6.357094166,6.290300078,6.364741304,6.657455224,6.51491595,6.800916431,6.81871262,6.38574467,6.186889707,6.276973461,6.294295162,6.345215024,6.617350332,6.589582765,6.571281064,6.784437957,6.932058931,6.654441157,7.653155929,7.561303226,7.361786067,8.895042845,8.884414278,8.319749608,5.671404735,5.942423359,6.322870079,6.01918531,6.65565653,6.892394743,6.59951229,8.243221772,7.743564214,6.630281816,6.700832824,6.645970495,8.069446875,8.168912631,6.627419812,8.345547316,8.262485253,8.320416552,8.019270208,7.649352222,6.913671879,7.139605376,8.33863106,8.372321446,8.429717909,7.473457219,7.375680416,7.030597451,9.741885318,6.827925878,9.010211986,5.876200687,6.183184158
AT2G28110,6.523438997,6.412466372,8.105813782,8.057077446,6.392454474,6.413977734,9.017311176,8.659268635,6.924251751,7.00083313,9.011299756,9.509024411,6.942953177,7.164321489,9.613038689,8.866823882,6.562785887,6.691488522,8.804929161,8.662271662,6.955303875,7.039718681,9.327506881,9.372565703,6.755229878,6.397975287,8.339287568,8.64824911,6.562785887,6.691488522,6.755229878,6.397975287,6.392454474,6.413977734,6.955303875,7.039718681,6.523438997,6.412466372,6.924251751,7.00083313,6.942953177,7.164321489,7.408819232,7.556297379,6.38646532,6.421828447,6.802139675,7.207412688,6.353508099,6.316277793,6.856788316,6.750227053,7.068408297,6.768048827,6.652727671,6.824646734,6.570469638,6.792798423,6.304351935,6.737114089,7.890551369,8.229143421,6.305420701,5.95978431,8.797514698,8.124824813,6.344619136,5.93786705,9.516573995,9.310802074,6.385999001,6.160213525,8.608205449,9.102058117,6.304351935,6.077283115,9.214204396,9.644830363,6.955443474,6.632304819,10.03044065,10.1783392,9.62116591,9.508086344,8.351392466,7.893020984,5.627478254,5.904578477,5.499103893,5.89333191,7.008194875,7.382971013,9.109635597,9.162656005,5.589327049,6.182020124,5.853151016,6.278446187,8.172769977,8.516488407,10.0280069,10.00030911,5.416577919,5.206647375,5.363636546,8.477324034,8.392022308,8.743052986,8.094473114,7.983352399,7.223588124,8.239960452,8.277145496,9.381582981,7.686081568,7.226779103,8.13478907,5.633815948,5.362599094,5.78279099,7.022093322,6.869991518,6.134847022,9.206036072,8.813243999,8.259947442,10.04449011,9.640430641,8.855825612,8.749643935,9.311257927,8.726836225,7.812198558,8.420424681,8.602797321,6.205649028,6.445787778,7.115869984,8.435511054,8.806571299,9.123100296,9.104007313,9.433600871,9.523513778,9.253486915,10.22617112,9.447371352,9.705412973,9.783022313,9.689122017,8.342749165,8.776401962,8.911672936,8.590057255,8.571435086,8.369418547,8.643907918,8.883446552,7.902114543,7.879242074,8.605590416,8.374938429,7.995640118,8.381499576,8.187793698,8.379393756,7.847410741,8.279213292,7.950788448,7.053850239,7.214498758,7.019377592,9.295141357,8.895592001,8.832715159,8.709666682,9.891064054,9.947159142,8.287916546,8.855142414,9.351736672,9.408298184,9.261657102,9.75633539,10.31726621,10.35584389,9.61654054,8.848532417,9.7374274,9.211447826,9.360027515,7.589024256,7.639369278,7.139181972,7.313352428,7.24463628,7.009968543,6.650496176,6.459694493,6.828732989,6.998359904,6.859652038,6.840697408,6.665337313,6.967413374,6.454883252,6.558373717,6.857075855,6.879787563,7.809466556,7.8040695,7.689837435,11.18593126,11.07561142,11.03023566,9.817675772,9.888045296,9.9395468,7.324663039,7.340155219,10.0718302,9.6879716,8.996304187,8.337581024,7.925731891,7.399820478,7.76727375,7.55038682,8.120761121,8.503533014,8.123971239,7.898987062,7.322191743,7.895816203,7.467643072,8.374741623,8.580827999,8.349823146,7.799847906,7.765361106,7.930065499,7.53860764,7.875191157,9.992390345,10.01632423,9.919606265,9.973993065,9.982392612,10.11029108,10.14546378,10.20274611,10.63581304,10.58928375,10.72021709,10.70076249,8.832635362,8.93130042,8.840062241,9.140805569,9.471637326,9.188353991,9.699796818,9.351467065,9.616933357,9.673856341,9.424329133,9.486755015,9.443950642,9.754803704,10.93847251,10.4484572,9.295141357,8.745663989,9.408298184,9.61654054,9.211447826,9.947159142,8.855142414,9.351736672,8.296780892,8.40856871,9.261657102,10.31726621,8.848532417,9.7374274,9.360027515,9.263576055,7.847410741,8.279213292,7.053850239,7.214498758,7.019377592,8.895592001,8.709666682,6.942953177,6.278446187,7.950788448,7.399820478,6.632304819,9.888045296
